"user_id","days_since_last_session","total_sessions_count","total_orders_count","total_duration_minutes","is_churned"
1,8,17,2,811,0
2,999,0,0,0,1
3,3,3,0,32,0
4,103,2,0,24,1
5,36,2,0,11,1
6,10,4,0,49,0
7,3,4,0,56,0
8,1,13,0,401,0
9,21,7,0,151,0
10,5,15,9,5637,0
11,50,7,0,121,1
12,42,1,0,10,1
13,999,0,0,0,1
14,8,4,0,45,0
15,23,4,0,87,0
16,121,1,0,10,1
17,66,3,0,36,1
18,22,3,0,31,0
19,8,6,0,132,0
20,41,1,0,6,1
21,12,26,8,9382,0
22,20,5,0,108,0
23,2,1,0,7,0
24,58,3,0,33,1
25,6,4,0,47,0
26,999,0,0,0,1
27,36,1,0,9,1
28,88,2,0,14,1
29,7,6,0,92,0
30,2,11,0,294,0
31,250,1,0,13,1
32,2,17,0,487,0
33,44,2,0,15,1
34,2,13,3,1257,0
35,10,17,1,526,0
36,35,1,0,14,1
37,4,23,7,6528,0
38,33,4,0,97,1
39,12,10,0,287,0
40,171,1,0,24,1
41,31,4,0,40,1
42,28,2,0,20,0
43,49,2,0,21,1
44,146,2,0,42,1
45,51,8,0,162,1
46,3,11,0,336,0
47,34,4,0,28,1
48,1,14,0,397,0
49,6,11,1,291,0
50,3,33,13,20447,0
51,96,2,0,30,1
52,208,1,0,6,1
53,2,8,0,159,0
54,7,4,0,46,0
55,55,1,0,10,1
56,18,1,0,12,0
57,23,4,0,78,0
58,80,1,0,11,1
59,3,16,1,395,0
60,44,1,0,11,1
61,58,1,0,24,1
62,15,1,0,5,0
63,4,6,0,76,0
64,21,2,0,26,0
65,14,8,0,152,0
66,24,7,0,165,0
67,18,3,0,30,0
68,6,5,0,80,0
69,8,11,2,1009,0
70,18,3,0,35,0
71,19,5,0,61,0
72,5,7,0,190,0
73,266,1,0,5,1
74,24,1,0,13,0
75,11,5,0,179,0
76,3,3,0,33,0
77,35,2,0,19,1
78,7,7,0,192,0
79,11,3,0,33,0
80,10,4,0,79,0
81,36,1,0,14,1
82,17,5,0,103,0
83,6,14,3,1305,0
84,1,13,0,350,0
85,225,2,0,27,1
86,4,11,0,214,0
87,19,2,0,36,0
88,7,2,0,15,0
89,2,3,0,52,0
90,5,25,6,6553,0
91,43,6,1,133,1
92,36,5,0,45,1
93,3,9,0,212,0
94,4,12,0,377,0
95,24,2,0,29,0
96,27,2,0,18,0
97,3,12,0,463,0
98,18,7,0,138,0
99,1,8,0,186,0
100,58,2,0,37,1
101,10,8,0,224,0
102,12,5,0,76,0
103,1,7,0,132,0
104,16,19,8,6487,0
105,5,17,5,3763,0
106,6,16,0,540,0
107,12,4,0,53,0
108,2,4,0,66,0
109,4,6,0,148,0
110,25,2,0,34,0
111,120,2,0,23,1
112,31,13,0,189,1
113,15,9,0,160,0
114,34,1,0,11,1
115,47,4,0,61,1
116,6,3,0,85,0
117,999,0,0,0,1
118,1,5,0,53,0
119,116,1,0,18,1
120,30,12,1,446,0
121,30,5,0,81,0
122,19,11,0,174,0
123,7,5,1,101,0
124,2,6,0,269,0
125,57,3,0,41,1
126,80,1,0,8,1
127,999,0,0,0,1
128,7,6,0,118,0
129,216,3,0,56,1
130,62,3,0,81,1
131,56,8,0,179,1
132,61,1,0,4,1
133,140,1,0,14,1
134,4,5,0,86,0
135,69,3,0,32,1
136,67,3,0,76,1
137,42,1,0,16,1
138,3,23,6,5805,0
139,9,8,1,215,0
140,4,8,0,155,0
141,34,4,0,37,1
142,8,4,0,71,0
143,35,6,0,82,1
144,6,13,4,2208,0
145,5,9,1,274,0
146,9,7,0,141,0
147,83,1,0,6,1
148,14,6,0,225,0
149,10,4,0,91,0
150,2,2,0,12,0
151,3,5,0,51,0
152,61,2,0,37,1
153,126,3,0,75,1
154,1,6,0,166,0
155,7,6,0,104,0
156,208,1,0,12,1
157,255,1,0,13,1
158,11,1,0,10,0
159,999,0,0,0,1
160,16,4,0,66,0
161,147,1,0,6,1
162,20,6,0,73,0
163,10,5,0,60,0
164,21,5,0,112,0
165,34,1,0,19,1
166,31,5,0,112,1
167,1,8,0,150,0
168,15,1,0,22,0
169,225,1,0,7,1
170,8,6,0,119,0
171,34,10,1,329,1
172,46,3,0,54,1
173,6,12,0,302,0
174,1,13,0,373,0
175,13,3,0,58,0
176,11,25,8,8317,0
177,2,4,0,59,0
178,13,9,1,329,0
179,13,2,0,20,0
180,12,6,0,114,0
181,999,0,0,0,1
182,5,16,3,1717,0
183,86,5,0,112,1
184,78,2,0,45,1
185,18,5,0,88,0
186,5,8,0,144,0
187,7,3,0,51,0
188,222,2,0,30,1
189,216,1,0,7,1
190,1,18,1,586,0
191,93,1,0,22,1
192,67,1,0,10,1
193,999,0,0,0,1
194,7,5,0,128,0
195,9,2,0,33,0
196,10,9,0,161,0
197,7,7,1,163,0
198,54,4,0,73,1
199,4,2,0,27,0
200,310,1,0,6,1
201,71,2,0,18,1
202,5,14,0,397,0
203,25,6,0,126,0
204,5,2,0,34,0
205,5,6,0,147,0
206,88,2,0,20,1
207,45,2,0,20,1
208,29,6,0,127,0
209,5,26,13,15464,0
210,7,5,0,43,0
211,64,6,0,161,1
212,47,2,0,35,1
213,59,8,0,150,1
214,16,3,0,40,0
215,323,1,0,22,1
216,5,20,4,3637,0
217,6,8,1,237,0
218,8,7,0,187,0
219,8,4,0,85,0
220,11,8,0,251,0
221,143,1,0,6,1
222,27,3,0,73,0
223,69,4,0,63,1
224,7,23,10,10820,0
225,12,4,0,111,0
226,18,6,0,232,0
227,132,2,0,36,1
228,9,20,5,4195,0
229,7,4,0,90,0
230,150,3,0,39,1
231,3,14,5,2362,0
232,91,1,0,14,1
233,20,7,0,161,0
234,120,7,0,130,1
235,9,8,0,178,0
236,12,3,0,48,0
237,29,5,0,124,0
238,39,3,0,31,1
239,28,8,0,273,0
240,3,5,0,44,0
241,1,6,0,58,0
242,1,5,0,103,0
243,25,21,3,2841,0
244,4,4,0,43,0
245,12,16,8,5572,0
246,6,4,0,35,0
247,11,5,0,58,0
248,12,12,1,384,0
249,53,3,0,22,1
250,2,6,0,80,0
251,3,9,0,263,0
252,38,1,0,8,1
253,4,10,0,324,0
254,13,7,0,190,0
255,2,13,1,343,0
256,6,6,0,120,0
257,8,3,0,42,0
258,63,4,0,50,1
259,999,0,0,0,1
260,2,2,0,36,0
261,6,2,0,19,0
262,1,11,0,239,0
263,40,5,0,162,1
264,53,2,0,33,1
265,3,29,9,11885,0
266,11,3,0,34,0
267,2,7,0,221,0
268,999,0,0,0,1
269,208,1,0,11,1
270,39,5,0,111,1
271,10,1,0,7,0
272,15,3,0,23,0
273,31,1,0,5,1
274,20,4,0,75,0
275,1,11,2,950,0
276,999,0,0,0,1
277,1,15,1,467,0
278,49,6,0,159,1
279,4,1,0,13,0
280,6,2,0,22,0
281,251,1,0,15,1
282,7,6,0,118,0
283,14,8,0,141,0
284,48,10,0,188,1
285,16,15,0,449,0
286,24,6,0,94,0
287,148,1,0,20,1
288,200,1,0,8,1
289,9,9,0,151,0
290,999,0,0,0,1
291,33,1,0,9,1
292,999,0,0,0,1
293,21,6,0,87,0
294,44,3,0,28,1
295,8,18,7,5156,0
296,3,13,0,393,0
297,3,9,0,303,0
298,245,1,0,12,1
299,13,10,0,268,0
300,4,8,2,365,0
301,65,2,0,18,1
302,1,14,0,492,0
303,999,0,0,0,1
304,36,6,0,146,1
305,12,2,0,42,0
306,6,7,0,142,0
307,5,19,7,4687,0
308,2,7,0,100,0
309,57,1,0,19,1
310,18,19,8,6066,0
311,19,6,0,135,0
312,5,12,2,700,0
313,167,1,0,5,1
314,2,2,0,31,0
315,5,3,0,27,0
316,2,7,0,146,0
317,70,1,0,8,1
318,154,3,0,47,1
319,12,7,0,124,0
320,15,10,2,560,0
321,72,2,0,20,1
322,3,12,1,387,0
323,27,9,1,251,0
324,52,1,0,15,1
325,5,24,7,6958,0
326,3,25,13,14446,0
327,4,1,0,14,0
328,2,9,0,271,0
329,7,9,1,259,0
330,6,5,0,110,0
331,6,2,0,37,0
332,12,2,0,32,0
333,16,5,0,76,0
334,26,2,0,10,0
335,40,5,0,56,1
336,25,4,0,46,0
337,126,3,0,26,1
338,34,2,0,51,1
339,28,2,0,33,0
340,13,3,0,50,0
341,6,6,0,98,0
342,185,1,0,7,1
343,13,24,8,8764,0
344,6,9,0,278,0
345,999,0,0,0,1
346,999,0,0,0,1
347,22,11,1,326,0
348,7,5,0,122,0
349,999,0,0,0,1
350,999,0,0,0,1
351,3,3,0,33,0
352,3,2,0,21,0
353,999,0,0,0,1
354,208,1,0,6,1
355,10,10,2,875,0
356,88,2,0,14,1
357,4,24,3,3543,0
358,70,2,0,49,1
359,86,3,0,29,1
360,7,22,7,6353,0
361,12,18,6,4610,0
362,33,4,0,56,1
363,18,4,0,73,0
364,9,15,0,425,0
365,11,16,0,447,0
366,14,2,0,25,0
367,4,20,8,6553,0
368,7,7,0,118,0
369,3,29,13,14721,0
370,43,10,0,173,1
371,30,9,2,568,0
372,1,13,0,391,0
373,14,5,0,139,0
374,4,6,0,142,0
375,137,1,0,11,1
376,157,2,0,12,1
377,40,3,0,37,1
378,4,8,0,185,0
379,15,2,0,28,0
380,27,2,0,24,0
381,23,2,0,28,0
382,10,2,0,20,0
383,39,1,0,14,1
384,7,2,0,42,0
385,29,27,12,12891,0
386,19,7,1,146,0
387,48,5,0,82,1
388,40,9,0,175,1
389,26,1,0,5,0
390,999,0,0,0,1
391,28,1,0,4,0
392,115,3,0,35,1
393,101,1,0,21,1
394,10,4,0,83,0
395,4,4,0,65,0
396,34,4,0,88,1
397,60,1,0,10,1
398,7,2,0,36,0
399,33,5,0,99,1
400,17,6,0,104,0
401,50,1,0,9,1
402,45,2,0,44,1
403,3,14,0,466,0
404,41,4,1,36,1
405,36,9,0,192,1
406,11,5,0,197,0
407,193,1,0,38,1
408,14,3,0,16,0
409,8,2,0,27,0
410,8,3,0,31,0
411,79,1,0,9,1
412,10,6,0,108,0
413,2,5,0,127,0
414,3,12,0,222,0
415,20,9,0,250,0
416,59,3,0,40,1
417,7,5,0,143,0
418,130,3,0,37,1
419,178,1,0,4,1
420,6,17,8,5492,0
421,3,18,6,4150,0
422,92,4,0,42,1
423,999,0,0,0,1
424,13,9,0,242,0
425,15,5,0,110,0
426,20,20,2,1844,0
427,999,0,0,0,1
428,30,1,0,12,0
429,27,8,0,206,0
430,47,10,0,203,1
431,999,0,0,0,1
432,21,4,0,55,0
433,143,4,0,58,1
434,29,1,0,16,0
435,42,9,1,207,1
436,64,4,0,99,1
437,4,9,0,187,0
438,22,3,0,24,0
439,80,1,0,11,1
440,33,2,0,16,1
441,5,11,5,2714,0
442,24,2,0,15,0
443,8,9,0,198,0
444,240,2,0,15,1
445,47,5,0,84,1
446,14,7,0,218,0
447,3,20,5,4234,0
448,65,2,0,21,1
449,30,2,0,21,0
450,999,0,0,0,1
451,50,1,0,18,1
452,188,6,0,90,1
453,41,3,0,23,1
454,29,2,0,36,0
455,10,10,0,304,0
456,139,1,0,7,1
457,84,4,0,53,1
458,23,4,0,70,0
459,40,4,0,103,1
460,169,2,0,35,1
461,2,14,0,437,0
462,43,1,0,11,1
463,6,8,1,303,0
464,13,10,1,251,0
465,265,1,0,16,1
466,123,3,0,38,1
467,5,4,0,53,0
468,25,1,0,8,0
469,6,21,3,2162,0
470,3,28,9,10132,0
471,8,2,0,15,0
472,999,0,0,0,1
473,7,12,0,352,0
474,113,3,0,65,1
475,22,5,0,81,0
476,37,1,0,9,1
477,13,8,0,192,0
478,58,3,0,46,1
479,2,7,0,93,0
480,101,4,0,92,1
481,37,4,0,54,1
482,3,13,1,446,0
483,26,4,0,57,0
484,35,2,0,41,1
485,58,18,7,4740,1
486,59,3,0,48,1
487,6,2,0,22,0
488,999,0,0,0,1
489,11,8,0,193,0
490,293,1,0,4,1
491,63,1,0,8,1
492,58,11,1,349,1
493,999,0,0,0,1
494,44,3,0,28,1
495,51,10,0,200,1
496,8,1,0,7,0
497,40,8,0,242,1
498,74,6,1,162,1
499,1,15,1,478,0
500,219,1,0,14,1
501,94,3,0,88,1
502,9,4,0,40,0
503,39,2,0,15,1
504,52,2,0,12,1
505,21,6,0,230,0
506,999,0,0,0,1
507,11,6,0,163,0
508,1,4,0,40,0
509,2,26,9,9475,0
510,6,14,0,449,0
511,27,9,0,157,0
512,59,1,0,11,1
513,238,1,0,11,1
514,24,1,0,11,0
515,15,8,1,244,0
516,16,4,0,86,0
517,4,14,1,404,0
518,2,13,0,233,0
519,16,7,0,174,0
520,13,2,0,24,0
521,29,2,0,30,0
522,41,7,1,198,1
523,31,2,0,23,1
524,21,6,1,165,0
525,2,2,0,31,0
526,15,16,4,3066,0
527,5,2,0,15,0
528,14,3,0,42,0
529,20,12,1,289,0
530,18,6,0,129,0
531,5,2,0,15,0
532,30,8,0,155,0
533,29,3,0,42,0
534,2,23,9,8888,0
535,999,0,0,0,1
536,3,6,0,139,0
537,67,2,0,25,1
538,999,0,0,0,1
539,166,1,0,17,1
540,59,4,0,41,1
541,53,2,0,17,1
542,238,3,0,66,1
543,24,18,8,6923,0
544,31,2,0,5,1
545,999,0,0,0,1
546,44,2,0,21,1
547,8,7,0,162,0
548,14,6,0,101,0
549,4,7,0,204,0
550,1,11,0,197,0
551,47,2,0,31,1
552,76,1,0,13,1
553,53,1,0,9,1
554,72,4,0,79,1
555,999,0,0,0,1
556,5,9,0,238,0
557,40,8,0,152,1
558,19,7,0,141,0
559,45,5,0,110,1
560,14,12,1,446,0
561,12,4,0,118,0
562,55,3,0,46,1
563,29,6,0,84,0
564,19,3,0,52,0
565,66,2,0,20,1
566,17,8,1,257,0
567,999,0,0,0,1
568,9,1,0,7,0
569,2,11,1,392,0
570,87,1,0,17,1
571,55,9,1,221,1
572,1,11,0,162,0
573,8,3,0,75,0
574,6,1,0,7,0
575,2,4,0,51,0
576,9,20,8,8337,0
577,2,12,1,290,0
578,26,2,0,27,0
579,22,4,0,70,0
580,103,3,0,67,1
581,17,6,0,65,0
582,3,6,0,101,0
583,13,7,1,172,0
584,16,23,11,11398,0
585,999,0,0,0,1
586,26,9,1,210,0
587,69,3,0,44,1
588,1,7,0,221,0
589,24,5,0,106,0
590,42,1,0,14,1
591,2,12,0,396,0
592,1,7,0,214,0
593,13,7,0,84,0
594,9,5,0,47,0
595,13,7,1,228,0
596,3,5,0,219,0
597,28,11,0,343,0
598,15,5,0,104,0
599,13,22,8,7741,0
600,19,6,1,186,0
601,2,11,0,351,0
602,88,2,0,32,1
603,5,1,0,6,0
604,1,11,0,282,0
605,4,2,0,16,0
606,28,2,0,18,0
607,7,1,0,6,0
608,181,2,0,58,1
609,16,8,0,277,0
610,76,3,0,74,1
611,4,10,0,339,0
612,11,3,0,64,0
613,9,12,0,248,0
614,2,16,1,547,0
615,47,2,0,20,1
616,1,23,4,4152,0
617,30,7,0,212,0
618,4,2,0,13,0
619,1,2,0,26,0
620,57,2,0,43,1
621,138,3,0,37,1
622,2,9,0,164,0
623,18,3,0,31,0
624,12,7,0,95,0
625,36,6,0,152,1
626,10,4,0,38,0
627,42,1,0,4,1
628,7,8,0,190,0
629,23,4,0,47,0
630,168,2,0,38,1
631,13,17,7,5691,0
632,11,4,0,51,0
633,25,1,0,10,0
634,5,2,0,9,0
635,15,7,0,134,0
636,150,3,0,39,1
637,84,1,0,6,1
638,27,3,0,71,0
639,13,6,0,119,0
640,6,7,0,122,0
641,11,10,0,274,0
642,999,0,0,0,1
643,56,4,0,75,1
644,5,10,0,266,0
645,3,18,0,429,0
646,13,2,0,30,0
647,5,5,0,100,0
648,8,9,0,151,0
649,3,1,0,24,0
650,16,7,0,200,0
651,2,20,11,10202,0
652,4,20,5,3550,0
653,9,8,1,222,0
654,999,0,0,0,1
655,187,3,0,23,1
656,3,24,12,10753,0
657,93,3,0,29,1
658,264,1,0,3,1
659,54,15,3,2119,1
660,122,2,0,17,1
661,4,5,0,63,0
662,18,4,0,42,0
663,999,0,0,0,1
664,20,9,1,200,0
665,182,3,0,59,1
666,11,3,0,69,0
667,21,6,0,190,0
668,13,21,3,2512,0
669,21,8,0,237,0
670,13,8,0,176,0
671,8,4,0,73,0
672,94,3,0,38,1
673,21,16,7,4524,0
674,32,3,0,59,1
675,16,5,0,72,0
676,86,3,0,34,1
677,2,1,0,3,0
678,999,0,0,0,1
679,9,10,0,214,0
680,8,6,0,151,0
681,90,2,0,16,1
682,214,2,0,32,1
683,105,1,0,12,1
684,38,6,0,113,1
685,2,18,6,4437,0
686,25,9,0,278,0
687,34,3,0,32,1
688,161,1,0,12,1
689,28,12,0,329,0
690,28,21,7,7046,0
691,50,1,0,24,1
692,5,21,4,3754,0
693,183,1,0,13,1
694,119,3,0,49,1
695,145,2,0,60,1
696,7,13,0,438,0
697,185,1,0,9,1
698,13,17,4,2594,0
699,144,4,0,26,1
700,8,3,0,22,0
701,112,1,0,24,1
702,20,18,2,1587,0
703,69,5,0,93,1
704,3,9,0,282,0
705,2,8,0,234,0
706,9,7,0,135,0
707,25,16,2,1027,0
708,39,9,1,217,1
709,21,1,0,10,0
710,40,3,0,86,1
711,9,8,0,196,0
712,109,1,0,11,1
713,20,2,0,18,0
714,39,10,0,229,1
715,33,12,1,498,1
716,999,0,0,0,1
717,14,13,1,414,0
718,137,5,0,88,1
719,1,2,0,31,0
720,110,3,0,77,1
721,3,21,6,5472,0
722,26,6,0,149,0
723,61,1,0,7,1
724,18,6,0,49,0
725,2,35,10,15967,0
726,101,1,0,9,1
727,69,4,0,58,1
728,6,14,0,485,0
729,2,7,0,109,0
730,999,0,0,0,1
731,69,5,0,103,1
732,9,1,0,22,0
733,36,5,0,171,1
734,120,4,0,61,1
735,117,3,0,45,1
736,30,5,0,106,0
737,218,1,0,9,1
738,33,1,0,24,1
739,7,24,9,10288,0
740,15,2,0,16,0
741,21,10,0,252,0
742,3,26,6,8146,0
743,17,6,0,134,0
744,4,2,0,29,0
745,22,14,1,353,0
746,102,1,0,14,1
747,2,10,0,325,0
748,127,2,0,37,1
749,14,7,0,145,0
750,21,11,0,229,0
751,149,1,0,18,1
752,7,9,0,224,0
753,29,6,0,149,0
754,11,3,0,22,0
755,20,10,1,244,0
756,15,11,1,355,0
757,75,2,0,16,1
758,32,8,0,146,1
759,1,29,10,13658,0
760,5,23,11,10085,0
761,6,14,5,3440,0
762,5,16,0,510,0
763,3,7,0,107,0
764,97,1,0,12,1
765,5,5,0,35,0
766,1,18,7,4949,0
767,12,5,0,79,0
768,92,1,0,17,1
769,7,8,2,510,0
770,17,8,1,209,0
771,2,10,1,233,0
772,3,5,0,127,0
773,16,8,0,142,0
774,10,2,0,12,0
775,46,5,0,106,1
776,3,20,7,5697,0
777,92,3,0,62,1
778,41,4,0,49,1
779,24,5,0,69,0
780,999,0,0,0,1
781,127,2,0,16,1
782,14,8,0,85,0
783,43,7,0,127,1
784,43,8,0,292,1
785,5,11,0,274,0
786,17,2,0,25,0
787,999,0,0,0,1
788,222,1,0,16,1
789,4,9,0,273,0
790,174,1,0,7,1
791,18,8,1,185,0
792,29,25,11,12759,0
793,20,21,7,6616,0
794,265,1,0,34,1
795,52,9,0,188,1
796,80,1,0,27,1
797,4,4,0,79,0
798,73,3,0,68,1
799,11,14,0,332,0
800,2,1,0,8,0
801,45,5,0,101,1
802,48,3,0,62,1
803,2,8,0,182,0
804,64,2,0,28,1
805,1,22,6,5487,0
806,9,2,0,27,0
807,13,2,0,24,0
808,2,6,0,122,0
809,17,9,0,242,0
810,201,1,0,5,1
811,99,2,0,15,1
812,19,6,0,99,0
813,70,2,0,19,1
814,17,5,0,110,0
815,63,2,0,13,1
816,31,2,0,32,1
817,27,5,0,56,0
818,30,3,0,32,0
819,10,14,1,492,0
820,16,7,0,135,0
821,62,2,0,27,1
822,3,5,0,94,0
823,999,0,0,0,1
824,7,11,1,320,0
825,12,22,7,6314,0
826,2,14,6,4100,0
827,26,4,0,58,0
828,5,3,0,37,0
829,59,6,0,123,1
830,4,3,0,31,0
831,999,0,0,0,1
832,6,7,0,126,0
833,20,5,0,88,0
834,4,3,0,31,0
835,21,11,1,281,0
836,4,6,0,81,0
837,3,3,0,28,0
838,3,27,10,13970,0
839,60,7,1,163,1
840,9,21,4,3891,0
841,4,10,4,750,0
842,2,16,2,1391,0
843,7,1,0,7,0
844,17,4,0,55,0
845,999,0,0,0,1
846,57,1,0,24,1
847,7,7,1,183,0
848,8,9,0,191,0
849,87,1,0,4,1
850,2,5,0,81,0
851,999,0,0,0,1
852,20,4,0,44,0
853,57,3,0,60,1
854,65,4,0,71,1
855,2,25,9,11527,0
856,2,16,7,5589,0
857,19,1,0,22,0
858,16,10,0,339,0
859,270,1,0,8,1
860,26,4,0,89,0
861,133,3,0,71,1
862,14,10,0,235,0
863,1,19,6,5980,0
864,50,3,0,17,1
865,5,6,0,113,0
866,10,6,1,222,0
867,5,7,0,196,0
868,12,14,0,389,0
869,21,5,0,51,0
870,40,7,0,185,1
871,21,3,0,69,0
872,13,3,0,38,0
873,6,4,0,92,0
874,36,2,0,11,1
875,21,14,2,875,0
876,1,26,5,5851,0
877,11,6,0,128,0
878,28,2,0,63,0
879,51,1,0,28,1
880,2,1,0,9,0
881,19,11,0,335,0
882,218,1,0,13,1
883,3,4,0,27,0
884,5,1,0,10,0
885,9,6,0,141,0
886,35,19,7,5554,1
887,29,5,0,54,0
888,1,22,8,8278,0
889,38,4,0,87,1
890,1,3,0,52,0
891,4,26,13,13677,0
892,264,1,0,5,1
893,23,2,0,13,0
894,12,11,0,303,0
895,26,3,0,73,0
896,60,1,0,19,1
897,32,8,0,252,1
898,9,8,0,144,0
899,1,25,6,6723,0
900,39,4,0,73,1
901,13,11,0,310,0
902,23,16,10,8214,0
903,17,6,0,52,0
904,70,3,0,55,1
905,21,14,4,2470,0
906,37,4,0,59,1
907,62,5,0,150,1
908,3,8,0,163,0
909,20,2,0,17,0
910,1,11,1,248,0
911,3,21,3,2573,0
912,2,1,0,15,0
913,5,14,1,475,0
914,1,11,0,201,0
915,5,14,0,403,0
916,53,3,0,20,1
917,8,17,7,3890,0
918,27,11,0,314,0
919,140,3,0,77,1
920,2,24,10,10683,0
921,8,11,9,4318,0
922,146,1,0,23,1
923,7,2,0,15,0
924,999,0,0,0,1
925,13,1,0,11,0
926,35,21,8,6317,1
927,21,4,0,83,0
928,1,23,7,6877,0
929,3,5,0,108,0
930,94,3,0,40,1
931,7,24,14,15052,0
932,5,10,0,156,0
933,6,15,2,1076,0
934,87,1,0,14,1
935,6,20,9,7905,0
936,14,8,0,290,0
937,31,7,0,157,1
938,148,1,0,7,1
939,94,1,0,15,1
940,2,14,1,507,0
941,7,6,0,121,0
942,123,1,0,6,1
943,37,2,0,24,1
944,12,8,0,201,0
945,999,0,0,0,1
946,1,9,0,217,0
947,4,14,1,399,0
948,6,19,3,3031,0
949,14,6,0,89,0
950,59,7,0,75,1
951,108,1,0,6,1
952,2,13,0,342,0
953,14,11,0,287,0
954,132,1,0,12,1
955,4,14,4,2556,0
956,19,9,0,148,0
957,104,2,0,27,1
958,999,0,0,0,1
959,129,3,0,36,1
960,10,5,0,94,0
961,93,5,0,66,1
962,2,3,0,79,0
963,15,10,0,303,0
964,6,5,0,65,0
965,999,0,0,0,1
966,21,5,0,64,0
967,999,0,0,0,1
968,2,6,0,109,0
969,217,1,0,25,1
970,19,9,0,167,0
971,2,14,6,4066,0
972,17,6,0,78,0
973,4,9,0,295,0
974,23,8,0,165,0
975,73,1,0,7,1
976,3,10,0,320,0
977,8,21,12,11023,0
978,48,8,2,467,1
979,1,6,0,88,0
980,47,3,0,40,1
981,10,7,0,158,0
982,36,3,0,35,1
983,53,2,0,6,1
984,5,8,1,212,0
985,4,9,0,171,0
986,999,0,0,0,1
987,51,1,0,8,1
988,111,3,0,58,1
989,54,1,0,24,1
990,24,23,6,5995,0
991,274,3,0,45,1
992,999,0,0,0,1
993,31,4,0,124,1
994,31,2,0,35,1
995,12,6,0,115,0
996,2,13,1,461,0
997,67,5,0,75,1
998,37,4,0,32,1
999,999,0,0,0,1
1000,999,0,0,0,1
1001,76,3,0,22,1
1002,11,7,0,107,0
1003,6,5,0,108,0
1004,253,1,0,10,1
1005,50,7,0,132,1
1006,12,16,5,3599,0
1007,29,2,1,28,0
1008,38,7,0,137,1
1009,44,8,0,201,1
1010,19,7,0,201,0
1011,4,8,1,207,0
1012,49,8,1,297,1
1013,49,5,0,105,1
1014,4,16,1,531,0
1015,109,5,0,110,1
1016,4,22,9,8262,0
1017,3,10,0,200,0
1018,25,1,0,9,0
1019,48,4,0,32,1
1020,2,19,6,4287,0
1021,9,8,0,214,0
1022,12,9,0,250,0
1023,5,14,1,608,0
1024,24,12,0,336,0
1025,4,11,0,230,0
1026,188,1,0,11,1
1027,3,1,0,10,0
1028,6,7,0,149,0
1029,48,3,0,33,1
1030,21,4,0,54,0
1031,78,2,0,36,1
1032,9,4,0,36,0
1033,999,0,0,0,1
1034,230,1,0,7,1
1035,18,2,0,35,0
1036,94,9,1,266,1
1037,83,1,0,9,1
1038,13,25,9,10128,0
1039,17,3,0,57,0
1040,66,1,0,14,1
1041,49,3,0,71,1
1042,3,9,0,153,0
1043,8,3,0,20,0
1044,26,3,0,27,0
1045,29,3,0,33,0
1046,16,5,0,140,0
1047,19,14,6,4913,0
1048,14,1,0,7,0
1049,20,12,1,347,0
1050,10,1,0,19,0
1051,4,5,0,92,0
1052,2,5,0,112,0
1053,113,1,0,12,1
1054,56,2,0,46,1
1055,78,3,0,33,1
1056,50,4,1,106,1
1057,6,15,4,1756,0
1058,4,4,0,110,0
1059,1,9,0,290,0
1060,8,16,2,1598,0
1061,261,1,0,14,1
1062,8,9,0,252,0
1063,19,15,0,389,0
1064,8,11,0,324,0
1065,26,8,0,203,0
1066,34,3,1,61,1
1067,2,9,1,264,0
1068,21,10,0,197,0
1069,28,1,0,8,0
1070,999,0,0,0,1
1071,20,4,0,79,0
1072,999,0,0,0,1
1073,9,23,10,10517,0
1074,80,3,0,40,1
1075,2,9,0,209,0
1076,36,6,0,141,1
1077,4,15,0,449,0
1078,38,5,0,57,1
1079,1,4,0,24,0
1080,7,11,0,331,0
1081,35,1,0,5,1
1082,4,4,0,60,0
1083,4,21,5,5025,0
1084,57,1,0,14,1
1085,24,3,0,54,0
1086,1,10,0,193,0
1087,3,13,4,2068,0
1088,999,0,0,0,1
1089,4,9,0,212,0
1090,4,11,1,275,0
1091,12,12,1,334,0
1092,1,20,6,5432,0
1093,22,1,0,15,0
1094,4,18,4,3520,0
1095,3,9,0,273,0
1096,58,1,0,6,1
1097,98,3,0,28,1
1098,97,1,0,6,1
1099,57,3,0,51,1
1100,49,7,0,200,1
1101,41,4,0,53,1
1102,45,6,0,104,1
1103,20,13,6,3754,0
1104,2,9,0,148,0
1105,4,4,0,42,0
1106,4,15,7,3458,0
1107,17,2,0,22,0
1108,4,13,1,407,0
1109,82,6,0,136,1
1110,16,3,0,12,0
1111,23,3,0,37,0
1112,7,8,1,305,0
1113,999,0,0,0,1
1114,26,13,0,297,0
1115,56,4,0,75,1
1116,17,3,0,41,0
1117,5,2,0,13,0
1118,47,3,0,27,1
1119,4,10,0,279,0
1120,53,7,0,235,1
1121,35,10,0,307,1
1122,116,2,0,17,1
1123,1,3,0,24,0
1124,176,1,0,16,1
1125,999,0,0,0,1
1126,5,9,3,1571,0
1127,4,23,7,7268,0
1128,59,7,0,191,1
1129,23,12,0,283,0
1130,11,3,0,26,0
1131,11,4,0,92,0
1132,2,16,4,2591,0
1133,142,2,0,19,1
1134,1,6,0,94,0
1135,18,10,0,199,0
1136,41,4,0,37,1
1137,14,20,5,5071,0
1138,27,4,0,53,0
1139,16,23,6,5834,0
1140,3,3,0,30,0
1141,8,22,15,16350,0
1142,12,5,0,78,0
1143,4,4,0,47,0
1144,7,27,10,11238,0
1145,120,3,0,47,1
1146,4,3,0,53,0
1147,999,0,0,0,1
1148,7,2,0,40,0
1149,4,6,0,94,0
1150,1,3,0,43,0
1151,8,4,0,88,0
1152,125,1,0,24,1
1153,16,2,0,19,0
1154,2,26,11,12612,0
1155,238,1,0,12,1
1156,999,0,0,0,1
1157,16,2,0,21,0
1158,2,12,2,586,0
1159,12,12,1,358,0
1160,1,28,6,7668,0
1161,7,6,0,126,0
1162,999,0,0,0,1
1163,35,5,0,45,1
1164,3,12,0,452,0
1165,14,5,0,89,0
1166,999,0,0,0,1
1167,6,10,0,187,0
1168,999,0,0,0,1
1169,5,3,0,30,0
1170,7,12,0,228,0
1171,99,1,0,7,1
1172,999,0,0,0,1
1173,1,19,9,7350,0
1174,999,0,0,0,1
1175,124,1,0,3,1
1176,30,6,0,129,0
1177,43,3,0,35,1
1178,39,3,0,31,1
1179,26,12,1,369,0
1180,27,2,0,34,0
1181,14,13,0,455,0
1182,29,1,0,5,0
1183,64,3,0,34,1
1184,23,2,0,24,0
1185,4,9,0,269,0
1186,8,2,0,15,0
1187,324,1,0,5,1
1188,999,0,0,0,1
1189,120,3,0,73,1
1190,46,11,0,350,1
1191,17,11,1,256,0
1192,999,0,0,0,1
1193,193,4,0,116,1
1194,27,1,0,15,0
1195,7,7,0,224,0
1196,9,2,0,28,0
1197,6,9,0,240,0
1198,12,6,0,179,0
1199,999,0,0,0,1
1200,11,2,0,18,0
1201,77,1,0,10,1
1202,19,4,0,72,0
1203,5,4,0,63,0
1204,106,3,0,86,1
1205,20,8,0,166,0
1206,12,4,0,79,0
1207,180,1,0,14,1
1208,15,2,0,21,0
1209,84,3,0,24,1
1210,27,4,0,45,0
1211,77,1,0,8,1
1212,5,4,0,93,0
1213,13,5,1,149,0
1214,19,8,1,219,0
1215,21,7,0,141,0
1216,27,12,0,349,0
1217,7,21,3,2647,0
1218,12,18,4,3099,0
1219,54,4,0,116,1
1220,999,0,0,0,1
1221,1,30,10,13062,0
1222,999,0,0,0,1
1223,999,0,0,0,1
1224,1,6,0,101,0
1225,31,6,0,136,1
1226,23,4,0,49,0
1227,73,2,0,18,1
1228,12,7,0,166,0
1229,1,7,0,161,0
1230,22,6,0,108,0
1231,6,20,5,4629,0
1232,2,20,5,4153,0
1233,3,32,16,24193,0
1234,6,7,0,150,0
1235,3,17,9,8145,0
1236,98,6,0,251,1
1237,9,1,0,7,0
1238,25,6,0,112,0
1239,40,7,0,132,1
1240,23,4,0,49,0
1241,3,7,0,286,0
1242,4,7,0,121,0
1243,3,14,1,482,0
1244,3,22,12,10218,0
1245,39,3,0,44,1
1246,4,1,0,6,0
1247,40,3,0,37,1
1248,76,5,0,112,1
1249,14,7,1,252,0
1250,8,3,0,31,0
1251,15,9,0,292,0
1252,2,2,0,19,0
1253,125,2,0,14,1
1254,14,13,0,415,0
1255,4,8,1,256,0
1256,7,2,0,17,0
1257,27,9,0,229,0
1258,19,3,0,34,0
1259,36,1,0,5,1
1260,28,10,0,240,0
1261,7,27,9,10920,0
1262,10,7,0,236,0
1263,151,1,0,9,1
1264,4,5,0,92,0
1265,10,14,1,368,0
1266,26,20,9,8394,0
1267,27,5,0,89,0
1268,34,14,9,6138,1
1269,92,2,0,28,1
1270,20,1,0,10,0
1271,8,8,0,174,0
1272,52,2,0,51,1
1273,21,4,0,57,0
1274,37,5,0,126,1
1275,999,0,0,0,1
1276,95,3,0,51,1
1277,75,1,0,6,1
1278,11,8,0,190,0
1279,133,2,0,38,1
1280,12,20,3,2349,0
1281,2,9,0,241,0
1282,21,9,1,221,0
1283,39,11,0,277,1
1284,34,5,0,136,1
1285,9,4,0,93,0
1286,3,1,0,13,0
1287,2,20,5,4460,0
1288,22,6,0,138,0
1289,999,0,0,0,1
1290,49,4,0,58,1
1291,28,5,0,86,0
1292,100,8,1,251,1
1293,3,33,19,28733,0
1294,4,9,0,230,0
1295,999,0,0,0,1
1296,5,20,9,7497,0
1297,2,18,4,2981,0
1298,2,5,0,54,0
1299,4,11,0,345,0
1300,76,4,0,85,1
1301,14,1,0,10,0
1302,2,18,5,3680,0
1303,8,2,0,12,0
1304,2,4,0,53,0
1305,3,7,0,132,0
1306,92,1,0,10,1
1307,22,8,0,166,0
1308,28,8,0,136,0
1309,42,9,0,208,1
1310,2,3,0,57,0
1311,20,11,0,434,0
1312,21,7,0,250,0
1313,120,4,0,76,1
1314,142,2,0,21,1
1315,212,1,0,24,1
1316,52,1,0,13,1
1317,130,4,0,39,1
1318,62,2,0,34,1
1319,104,4,0,38,1
1320,12,23,3,2744,0
1321,7,11,0,311,0
1322,6,3,0,78,0
1323,35,5,0,92,1
1324,1,11,0,320,0
1325,3,15,9,5784,0
1326,1,11,0,278,0
1327,22,6,0,148,0
1328,60,1,0,6,1
1329,1,6,0,69,0
1330,14,22,4,3646,0
1331,11,8,1,156,0
1332,72,5,0,110,1
1333,6,13,0,436,0
1334,3,10,1,306,0
1335,33,8,0,140,1
1336,251,1,0,9,1
1337,999,0,0,0,1
1338,35,13,0,361,1
1339,92,2,0,22,1
1340,2,3,0,54,0
1341,56,3,0,39,1
1342,17,25,7,7855,0
1343,2,16,3,2058,0
1344,21,7,0,123,0
1345,3,4,0,94,0
1346,4,3,0,39,0
1347,27,4,0,49,0
1348,999,0,0,0,1
1349,14,14,8,5048,0
1350,21,5,0,79,0
1351,76,3,0,27,1
1352,56,3,0,30,1
1353,8,5,0,118,0
1354,1,18,10,8722,0
1355,50,3,0,27,1
1356,14,10,0,216,0
1357,37,3,0,70,1
1358,28,6,1,129,0
1359,45,5,0,96,1
1360,3,10,0,242,0
1361,127,4,0,96,1
1362,3,30,15,19302,0
1363,55,5,0,65,1
1364,999,0,0,0,1
1365,12,21,9,8786,0
1366,52,4,0,38,1
1367,19,11,1,275,0
1368,66,1,0,13,1
1369,56,2,0,27,1
1370,36,1,0,9,1
1371,24,11,0,353,0
1372,14,2,0,21,0
1373,4,10,0,300,0
1374,132,1,0,15,1
1375,311,1,0,19,1
1376,37,5,1,205,1
1377,1,1,0,8,0
1378,5,3,0,102,0
1379,4,1,0,10,0
1380,2,13,1,334,0
1381,4,6,0,117,0
1382,999,0,0,0,1
1383,9,13,1,421,0
1384,16,5,0,63,0
1385,49,2,0,18,1
1386,146,5,0,91,1
1387,6,3,0,42,0
1388,16,8,0,196,0
1389,15,8,0,129,0
1390,52,6,0,139,1
1391,27,8,0,132,0
1392,6,8,0,249,0
1393,81,1,0,11,1
1394,13,10,0,360,0
1395,8,4,0,47,0
1396,23,8,0,173,0
1397,23,7,0,143,0
1398,2,14,0,748,0
1399,13,11,0,349,0
1400,8,3,0,43,0
1401,20,3,0,45,0
1402,194,1,0,33,1
1403,9,11,0,207,0
1404,24,3,0,32,0
1405,13,6,0,131,0
1406,47,7,0,97,1
1407,3,23,6,5009,0
1408,28,1,0,13,0
1409,3,13,1,370,0
1410,154,5,0,102,1
1411,11,13,1,376,0
1412,999,0,0,0,1
1413,999,0,0,0,1
1414,6,9,0,286,0
1415,4,23,8,8396,0
1416,999,0,0,0,1
1417,67,2,0,28,1
1418,16,1,0,4,0
1419,4,8,0,235,0
1420,12,8,0,142,0
1421,11,6,0,85,0
1422,154,3,0,38,1
1423,1,14,1,451,0
1424,54,3,0,64,1
1425,23,7,0,114,0
1426,1,13,7,4178,0
1427,122,3,0,36,1
1428,12,1,0,6,0
1429,15,6,0,81,0
1430,54,1,0,14,1
1431,65,5,0,84,1
1432,999,0,0,0,1
1433,181,7,0,136,1
1434,35,5,0,84,1
1435,99,1,0,6,1
1436,135,1,0,6,1
1437,14,11,0,349,0
1438,24,6,0,191,0
1439,7,6,0,179,0
1440,2,17,1,686,0
1441,12,12,0,237,0
1442,79,6,0,189,1
1443,999,0,0,0,1
1444,29,4,0,58,0
1445,53,2,0,18,1
1446,62,3,0,56,1
1447,19,4,0,55,0
1448,265,1,0,24,1
1449,46,5,0,76,1
1450,54,1,0,16,1
1451,9,2,0,37,0
1452,7,4,0,86,0
1453,44,1,0,24,1
1454,0,13,1,422,0
1455,6,7,0,103,0
1456,19,2,0,76,0
1457,7,7,0,134,0
1458,5,3,0,53,0
1459,215,2,0,31,1
1460,66,2,0,29,1
1461,190,1,0,24,1
1462,64,5,0,80,1
1463,18,2,0,18,0
1464,4,17,2,1022,0
1465,26,2,0,9,0
1466,9,4,0,111,0
1467,4,3,0,33,0
1468,12,2,0,15,0
1469,69,1,0,14,1
1470,999,0,0,0,1
1471,20,4,0,68,0
1472,17,4,0,45,0
1473,54,1,0,10,1
1474,2,10,0,257,0
1475,6,4,0,48,0
1476,3,13,0,352,0
1477,207,1,0,24,1
1478,2,4,0,61,0
1479,2,21,10,9203,0
1480,6,5,0,148,0
1481,29,3,0,72,0
1482,19,7,0,134,0
1483,6,11,0,377,0
1484,19,10,0,318,0
1485,221,3,0,28,1
1486,11,7,0,124,0
1487,1,24,12,13003,0
1488,13,5,0,84,0
1489,2,26,10,10180,0
1490,7,5,0,84,0
1491,7,19,7,5479,0
1492,999,0,0,0,1
1493,3,5,0,94,0
1494,5,24,10,10933,0
1495,999,0,0,0,1
1496,5,22,4,3720,0
1497,180,1,0,3,1
1498,9,9,0,160,0
1499,20,25,10,8971,0
1500,2,20,1,864,0
1501,16,18,9,7234,0
1502,3,22,3,2695,0
1503,23,10,0,326,0
1504,61,5,0,60,1
1505,20,12,5,2841,0
1506,79,3,0,19,1
1507,23,8,0,128,0
1508,999,0,0,0,1
1509,999,0,0,0,1
1510,20,2,0,14,0
1511,4,11,1,267,0
1512,18,13,1,288,0
1513,58,9,0,206,1
1514,8,4,0,32,0
1515,6,7,0,164,0
1516,8,5,0,113,0
1517,14,2,0,28,0
1518,17,8,0,168,0
1519,1,17,0,449,0
1520,128,1,0,4,1
1521,4,11,0,369,0
1522,15,1,0,13,0
1523,13,12,0,264,0
1524,35,2,0,17,1
1525,130,1,0,7,1
1526,25,4,0,108,0
1527,48,1,0,8,1
1528,116,2,0,13,1
1529,12,7,0,258,0
1530,43,3,0,31,1
1531,28,2,0,23,0
1532,2,18,1,528,0
1533,86,2,0,26,1
1534,103,3,0,104,1
1535,18,14,4,2240,0
1536,2,8,0,281,0
1537,55,2,0,31,1
1538,6,11,0,243,0
1539,19,2,0,23,0
1540,11,1,0,10,0
1541,3,17,0,515,0
1542,35,4,0,47,1
1543,4,3,0,36,0
1544,14,17,4,2670,0
1545,25,6,0,109,0
1546,15,19,7,5788,0
1547,63,4,0,46,1
1548,42,7,0,128,1
1549,7,15,1,433,0
1550,102,3,0,45,1
1551,4,15,0,482,0
1552,20,2,0,17,0
1553,3,13,3,1466,0
1554,97,4,0,118,1
1555,3,8,0,173,0
1556,71,2,0,22,1
1557,5,5,0,48,0
1558,15,11,0,355,0
1559,63,3,0,37,1
1560,2,3,0,49,0
1561,1,4,0,54,0
1562,8,21,7,6064,0
1563,48,1,0,5,1
1564,7,12,0,310,0
1565,317,2,0,37,1
1566,40,3,0,29,1
1567,63,1,0,8,1
1568,4,8,2,497,0
1569,12,4,0,111,0
1570,21,11,0,348,0
1571,51,7,0,166,1
1572,74,6,0,107,1
1573,3,7,1,145,0
1574,32,3,0,52,1
1575,4,4,0,84,0
1576,202,1,0,23,1
1577,999,0,0,0,1
1578,50,4,0,50,1
1579,32,2,0,48,1
1580,2,9,0,262,0
1581,9,3,0,34,0
1582,999,0,0,0,1
1583,14,10,0,256,0
1584,17,6,0,115,0
1585,13,16,7,6154,0
1586,999,0,0,0,1
1587,7,6,1,88,0
1588,999,0,0,0,1
1589,27,4,0,48,0
1590,21,2,0,18,0
1591,77,2,0,23,1
1592,3,5,0,83,0
1593,3,32,10,14461,0
1594,38,2,0,30,1
1595,127,2,0,47,1
1596,4,5,0,65,0
1597,16,5,0,85,0
1598,38,2,0,33,1
1599,5,7,0,135,0
1600,94,2,0,28,1
1601,999,0,0,0,1
1602,62,2,0,18,1
1603,61,3,0,54,1
1604,11,12,1,356,0
1605,28,6,0,163,0
1606,4,12,1,600,0
1607,45,3,0,69,1
1608,1,10,1,246,0
1609,2,7,0,202,0
1610,3,4,0,83,0
1611,25,9,0,211,0
1612,16,7,0,108,0
1613,22,10,0,186,0
1614,4,3,0,43,0
1615,1,21,10,8080,0
1616,1,11,1,352,0
1617,8,14,0,430,0
1618,4,11,0,233,0
1619,100,1,0,7,1
1620,150,7,0,99,1
1621,12,8,0,130,0
1622,13,4,0,61,0
1623,5,2,0,50,0
1624,15,7,0,117,0
1625,12,21,9,7591,0
1626,205,1,0,8,1
1627,33,2,0,23,1
1628,78,5,0,106,1
1629,12,1,0,24,0
1630,999,0,0,0,1
1631,20,3,0,48,0
1632,28,3,0,65,0
1633,10,4,0,84,0
1634,52,9,1,262,1
1635,17,2,0,59,0
1636,66,1,0,7,1
1637,2,9,1,305,0
1638,4,11,0,332,0
1639,86,1,0,10,1
1640,27,2,0,29,0
1641,5,9,1,304,0
1642,6,9,0,163,0
1643,9,7,0,115,0
1644,35,4,0,85,1
1645,11,1,0,13,0
1646,2,6,0,125,0
1647,13,3,0,29,0
1648,35,1,0,9,1
1649,999,0,0,0,1
1650,4,2,0,11,0
1651,1,16,0,524,0
1652,7,7,0,128,0
1653,999,0,0,0,1
1654,16,10,1,291,0
1655,51,5,0,112,1
1656,25,2,0,22,0
1657,26,15,0,461,0
1658,22,5,0,57,0
1659,999,0,0,0,1
1660,7,1,0,8,0
1661,53,2,0,58,1
1662,26,16,3,2556,0
1663,54,5,0,122,1
1664,22,4,0,47,0
1665,35,3,0,50,1
1666,274,1,0,9,1
1667,26,21,9,8175,0
1668,999,0,0,0,1
1669,30,1,0,12,0
1670,999,0,0,0,1
1671,19,2,0,25,0
1672,70,3,0,47,1
1673,11,7,0,76,0
1674,1,8,0,110,0
1675,35,7,0,136,1
1676,19,10,0,305,0
1677,4,25,7,6864,0
1678,5,1,0,13,0
1679,22,6,0,102,0
1680,7,6,0,127,0
1681,59,12,5,2280,1
1682,2,11,0,268,0
1683,63,2,0,41,1
1684,42,2,0,16,1
1685,163,1,0,5,1
1686,21,12,0,355,0
1687,18,1,0,8,0
1688,18,15,9,5844,0
1689,32,4,0,50,1
1690,85,3,0,31,1
1691,6,10,0,213,0
1692,276,2,0,14,1
1693,40,2,0,24,1
1694,58,3,0,134,1
1695,49,1,0,11,1
1696,26,1,0,4,0
1697,999,0,0,0,1
1698,999,0,0,0,1
1699,86,1,0,13,1
1700,2,5,0,107,0
1701,4,22,12,11818,0
1702,61,1,0,7,1
1703,31,5,0,101,1
1704,13,5,0,136,0
1705,3,5,0,61,0
1706,1,2,0,19,0
1707,9,2,0,18,0
1708,7,29,15,18287,0
1709,8,7,0,142,0
1710,999,0,0,0,1
1711,69,2,0,26,1
1712,14,11,0,237,0
1713,32,6,0,71,1
1714,10,14,1,490,0
1715,191,1,0,14,1
1716,17,5,0,59,0
1717,16,3,0,65,0
1718,2,10,0,249,0
1719,49,1,0,6,1
1720,2,15,1,766,0
1721,50,1,0,7,1
1722,33,9,0,208,1
1723,17,3,0,34,0
1724,8,8,0,295,0
1725,8,2,0,36,0
1726,2,14,0,377,0
1727,47,2,0,20,1
1728,20,11,1,292,0
1729,46,7,0,121,1
1730,112,1,0,9,1
1731,12,4,0,62,0
1732,8,6,0,92,0
1733,3,7,0,177,0
1734,29,5,0,82,0
1735,45,1,0,8,1
1736,999,0,0,0,1
1737,1,16,0,494,0
1738,10,5,0,119,0
1739,20,6,0,90,0
1740,113,2,0,14,1
1741,19,3,0,43,0
1742,2,4,0,50,0
1743,999,0,0,0,1
1744,246,1,0,14,1
1745,4,6,1,200,0
1746,30,2,0,23,0
1747,100,2,0,36,1
1748,9,8,0,187,0
1749,1,24,10,11009,0
1750,1,29,12,15134,0
1751,8,20,6,5498,0
1752,12,4,0,63,0
1753,63,1,0,9,1
1754,7,6,0,130,0
1755,101,2,0,29,1
1756,6,8,0,259,0
1757,145,1,0,12,1
1758,35,2,0,19,1
1759,63,3,0,37,1
1760,6,5,0,47,0
1761,8,15,6,3855,0
1762,46,3,0,36,1
1763,1,5,0,116,0
1764,8,7,0,124,0
1765,173,2,0,23,1
1766,1,9,0,159,0
1767,5,10,2,688,0
1768,3,2,0,20,0
1769,999,0,0,0,1
1770,37,11,2,661,1
1771,38,2,0,14,1
1772,5,11,1,365,0
1773,66,3,0,55,1
1774,289,1,0,24,1
1775,63,3,0,44,1
1776,1,19,2,1515,0
1777,150,1,0,18,1
1778,39,2,0,14,1
1779,18,1,0,6,0
1780,8,5,0,35,0
1781,28,1,0,21,0
1782,15,21,8,8031,0
1783,17,3,0,35,0
1784,197,1,0,20,1
1785,7,5,0,67,0
1786,7,21,7,6915,0
1787,39,2,0,18,1
1788,20,11,1,269,0
1789,29,7,0,116,0
1790,54,5,0,96,1
1791,37,3,0,26,1
1792,1,13,2,840,0
1793,11,11,2,649,0
1794,32,5,0,158,1
1795,2,26,4,5171,0
1796,3,11,1,322,0
1797,37,8,0,231,1
1798,160,3,0,38,1
1799,76,2,0,28,1
1800,79,3,0,25,1
1801,16,10,0,233,0
1802,3,6,0,157,0
1803,3,4,0,124,0
1804,311,1,0,8,1
1805,7,4,0,42,0
1806,3,3,0,71,0
1807,271,2,0,24,1
1808,2,14,1,389,0
1809,86,8,0,195,1
1810,62,4,0,38,1
1811,30,8,1,257,0
1812,5,15,4,2590,0
1813,1,4,0,65,0
1814,177,1,0,8,1
1815,247,1,0,9,1
1816,999,0,0,0,1
1817,5,3,0,45,0
1818,61,3,0,29,1
1819,999,0,0,0,1
1820,4,7,0,138,0
1821,13,4,0,47,0
1822,60,1,0,5,1
1823,42,1,0,16,1
1824,22,3,0,43,0
1825,13,5,0,49,0
1826,13,19,9,6742,0
1827,7,14,0,422,0
1828,999,0,0,0,1
1829,4,4,0,49,0
1830,34,3,0,32,1
1831,16,9,0,187,0
1832,35,5,0,56,1
1833,5,1,0,17,0
1834,19,5,0,84,0
1835,26,5,0,107,0
1836,4,2,0,32,0
1837,15,6,0,118,0
1838,12,2,0,24,0
1839,24,9,1,277,0
1840,5,5,0,123,0
1841,3,16,0,386,0
1842,268,1,0,6,1
1843,2,5,0,65,0
1844,50,4,0,52,1
1845,999,0,0,0,1
1846,8,6,0,154,0
1847,108,3,0,49,1
1848,36,4,0,59,1
1849,9,1,0,8,0
1850,999,0,0,0,1
1851,6,19,4,3450,0
1852,45,7,0,190,1
1853,77,1,0,3,1
1854,78,3,0,31,1
1855,42,1,0,11,1
1856,10,3,0,27,0
1857,1,11,0,420,0
1858,13,17,7,6074,0
1859,62,1,0,13,1
1860,25,14,0,386,0
1861,999,0,0,0,1
1862,8,10,0,281,0
1863,6,4,0,40,0
1864,89,7,0,178,1
1865,53,1,0,11,1
1866,126,1,0,8,1
1867,85,2,0,25,1
1868,2,33,18,28351,0
1869,18,5,0,79,0
1870,7,15,7,4823,0
1871,132,3,0,50,1
1872,24,6,0,106,0
1873,3,8,0,139,0
1874,91,4,0,60,1
1875,11,3,0,46,0
1876,24,1,0,12,0
1877,242,3,0,41,1
1878,6,16,8,6750,0
1879,3,8,0,200,0
1880,5,13,0,315,0
1881,1,5,0,77,0
1882,143,3,0,64,1
1883,25,2,0,17,0
1884,999,0,0,0,1
1885,44,4,0,45,1
1886,1,25,4,4670,0
1887,62,2,0,31,1
1888,67,3,0,52,1
1889,12,3,0,57,0
1890,27,3,0,47,0
1891,38,1,0,10,1
1892,48,3,0,133,1
1893,85,2,0,32,1
1894,4,6,1,102,0
1895,22,3,0,28,0
1896,4,10,0,207,0
1897,15,4,0,76,0
1898,25,12,0,364,0
1899,77,1,0,12,1
1900,19,2,0,32,0
1901,3,23,6,6174,0
1902,31,11,0,253,1
1903,22,20,11,9024,0
1904,10,11,1,388,0
1905,1,7,0,89,0
1906,19,7,0,150,0
1907,74,1,0,24,1
1908,5,6,0,169,0
1909,10,7,0,247,0
1910,12,7,0,104,0
1911,78,4,0,55,1
1912,8,4,0,62,0
1913,999,0,0,0,1
1914,30,6,0,132,0
1915,21,4,0,70,0
1916,93,3,0,32,1
1917,38,9,0,307,1
1918,33,4,1,75,1
1919,15,9,0,176,0
1920,2,3,0,77,0
1921,24,1,0,12,0
1922,8,8,0,239,0
1923,24,10,1,473,0
1924,265,1,0,6,1
1925,4,2,0,31,0
1926,2,2,0,20,0
1927,4,4,0,33,0
1928,199,2,0,37,1
1929,27,7,0,275,0
1930,173,3,0,57,1
1931,999,0,0,0,1
1932,15,9,0,231,0
1933,44,2,0,20,1
1934,48,2,0,29,1
1935,3,12,1,345,0
1936,20,10,1,323,0
1937,1,14,2,1001,0
1938,11,5,0,98,0
1939,10,3,0,48,0
1940,7,4,0,111,0
1941,2,11,0,351,0
1942,1,5,0,139,0
1943,27,1,0,6,0
1944,77,2,0,10,1
1945,15,10,0,222,0
1946,30,3,0,26,0
1947,3,3,0,46,0
1948,7,8,0,230,0
1949,8,4,0,92,0
1950,8,2,0,28,0
1951,2,4,0,72,0
1952,2,3,0,33,0
1953,97,9,0,237,1
1954,999,0,0,0,1
1955,98,2,0,16,1
1956,12,7,0,131,0
1957,68,1,0,24,1
1958,33,6,0,109,1
1959,7,8,0,145,0
1960,48,1,0,4,1
1961,8,10,0,328,0
1962,4,3,0,30,0
1963,18,3,0,38,0
1964,20,10,1,351,0
1965,1,17,0,494,0
1966,161,8,0,128,1
1967,196,3,0,49,1
1968,999,0,0,0,1
1969,30,1,0,5,0
1970,14,12,2,727,0
1971,26,4,0,39,0
1972,288,1,0,14,1
1973,2,3,0,24,0
1974,6,17,5,3761,0
1975,1,12,0,406,0
1976,58,1,0,4,1
1977,5,4,0,84,0
1978,57,1,0,16,1
1979,999,0,0,0,1
1980,3,9,1,310,0
1981,82,3,0,20,1
1982,4,15,0,398,0
1983,8,7,0,94,0
1984,11,4,0,105,0
1985,128,1,0,12,1
1986,4,23,9,7696,0
1987,3,8,0,169,0
1988,109,1,0,15,1
1989,34,2,0,20,1
1990,6,14,0,505,0
1991,6,8,2,512,0
1992,29,2,0,23,0
1993,12,4,0,40,0
1994,25,7,0,163,0
1995,14,5,0,86,0
1996,999,0,0,0,1
1997,45,2,0,21,1
1998,151,2,0,67,1
1999,210,1,0,13,1
2000,58,4,0,52,1
2001,52,6,0,161,1
2002,57,2,0,28,1
2003,7,14,0,456,0
2004,49,1,0,7,1
2005,4,14,1,379,0
2006,111,1,0,12,1
2007,7,10,4,1505,0
2008,0,7,0,130,0
2009,152,1,0,12,1
2010,13,5,0,45,0
2011,999,0,0,0,1
2012,6,2,0,28,0
2013,6,14,2,1251,0
2014,18,11,0,387,0
2015,11,4,0,41,0
2016,38,5,0,99,1
2017,11,24,10,10384,0
2018,209,1,0,11,1
2019,83,6,0,132,1
2020,229,1,0,24,1
2021,255,1,0,10,1
2022,11,8,0,248,0
2023,46,8,0,151,1
2024,3,10,0,314,0
2025,2,8,0,172,0
2026,8,13,3,1578,0
2027,32,2,0,14,1
2028,98,1,0,17,1
2029,176,2,0,30,1
2030,2,2,0,49,0
2031,26,19,2,1607,0
2032,6,2,0,35,0
2033,20,1,0,15,0
2034,8,19,4,3241,0
2035,5,4,0,47,0
2036,49,2,0,28,1
2037,10,1,0,28,0
2038,11,7,0,240,0
2039,40,9,0,253,1
2040,10,5,0,61,0
2041,38,6,0,156,1
2042,15,10,0,262,0
2043,6,16,1,396,0
2044,3,4,0,43,0
2045,47,1,0,14,1
2046,14,20,3,2753,0
2047,7,6,0,147,0
2048,17,1,0,13,0
2049,13,3,0,41,0
2050,2,9,0,169,0
2051,3,25,12,12865,0
2052,999,0,0,0,1
2053,2,13,1,381,0
2054,226,1,0,20,1
2055,7,26,11,12644,0
2056,168,1,0,6,1
2057,999,0,0,0,1
2058,5,5,0,76,0
2059,84,4,0,48,1
2060,12,4,0,39,0
2061,27,6,0,106,0
2062,13,6,0,96,0
2063,2,3,0,35,0
2064,19,3,0,33,0
2065,999,0,0,0,1
2066,999,0,0,0,1
2067,3,15,0,406,0
2068,103,7,0,149,1
2069,6,6,0,155,0
2070,38,3,0,57,1
2071,999,0,0,0,1
2072,3,7,0,178,0
2073,93,8,0,141,1
2074,14,6,0,127,0
2075,22,5,0,94,0
2076,8,1,0,7,0
2077,3,5,0,59,0
2078,34,11,6,2350,1
2079,3,5,0,130,0
2080,37,2,0,27,1
2081,2,8,0,129,0
2082,1,12,1,319,0
2083,15,8,1,235,0
2084,8,7,0,307,0
2085,999,0,0,0,1
2086,78,6,0,99,1
2087,51,1,0,7,1
2088,3,3,0,58,0
2089,999,0,0,0,1
2090,8,5,0,74,0
2091,1,27,13,15024,0
2092,31,6,0,139,1
2093,999,0,0,0,1
2094,5,7,0,130,0
2095,2,12,0,312,0
2096,2,24,5,4752,0
2097,9,4,0,78,0
2098,139,1,0,5,1
2099,4,6,0,126,0
2100,6,7,0,154,0
2101,10,4,0,95,0
2102,25,8,0,177,0
2103,48,15,0,398,1
2104,30,3,0,33,0
2105,42,3,0,39,1
2106,104,1,0,14,1
2107,11,6,0,143,0
2108,999,0,0,0,1
2109,3,11,0,289,0
2110,3,26,10,12093,0
2111,4,11,2,515,0
2112,69,6,0,77,1
2113,4,17,3,2312,0
2114,25,6,0,233,0
2115,2,7,0,139,0
2116,13,1,0,14,0
2117,2,9,0,248,0
2118,5,2,0,22,0
2119,7,18,8,5104,0
2120,7,10,0,194,0
2121,1,19,9,8104,0
2122,51,1,0,3,1
2123,11,8,0,164,0
2124,83,5,0,78,1
2125,9,23,4,3895,0
2126,10,6,0,103,0
2127,6,25,7,8091,0
2128,164,2,0,27,1
2129,26,3,0,71,0
2130,1,11,2,486,0
2131,77,3,0,22,1
2132,999,0,0,0,1
2133,68,1,0,24,1
2134,106,1,0,14,1
2135,124,5,0,95,1
2136,4,15,1,419,0
2137,252,2,0,15,1
2138,999,0,0,0,1
2139,10,6,0,56,0
2140,30,4,0,88,0
2141,1,6,0,114,0
2142,38,1,0,5,1
2143,21,3,0,24,0
2144,39,3,0,62,1
2145,9,8,0,141,0
2146,28,8,0,214,0
2147,33,7,0,179,1
2148,7,10,0,268,0
2149,10,1,0,5,0
2150,13,2,0,58,0
2151,2,7,0,144,0
2152,166,2,0,7,1
2153,3,25,9,11504,0
2154,2,23,9,9002,0
2155,22,12,0,378,0
2156,208,1,0,8,1
2157,16,6,0,89,0
2158,21,4,0,76,0
2159,2,22,5,4721,0
2160,7,12,0,373,0
2161,4,15,7,4512,0
2162,43,8,1,238,1
2163,4,8,0,161,0
2164,19,5,0,171,0
2165,7,9,1,255,0
2166,999,0,0,0,1
2167,999,0,0,0,1
2168,77,3,0,36,1
2169,11,6,0,125,0
2170,2,11,3,698,0
2171,31,5,0,139,1
2172,137,3,0,56,1
2173,10,11,1,367,0
2174,68,2,0,21,1
2175,100,1,0,14,1
2176,12,9,0,232,0
2177,86,3,0,78,1
2178,2,2,0,27,0
2179,9,9,3,1239,0
2180,148,5,0,106,1
2181,26,8,0,188,0
2182,3,2,0,20,0
2183,5,21,6,5043,0
2184,3,8,0,144,0
2185,19,15,1,339,0
2186,0,3,1,34,0
2187,76,2,0,27,1
2188,2,4,0,72,0
2189,26,2,0,33,0
2190,5,1,0,8,0
2191,16,12,1,341,0
2192,26,10,0,310,0
2193,37,6,0,98,1
2194,171,2,0,28,1
2195,24,11,2,538,0
2196,7,4,0,64,0
2197,999,0,0,0,1
2198,1,25,8,8967,0
2199,1,7,0,147,0
2200,5,4,0,63,0
2201,5,12,2,622,0
2202,7,24,9,9618,0
2203,57,5,0,114,1
2204,31,8,0,179,1
2205,17,12,1,295,0
2206,14,7,0,119,0
2207,13,3,0,73,0
2208,3,15,1,493,0
2209,6,13,0,395,0
2210,22,6,0,44,0
2211,203,1,0,8,1
2212,27,3,0,31,0
2213,10,3,0,24,0
2214,999,0,0,0,1
2215,271,1,0,26,1
2216,35,4,0,78,1
2217,2,7,0,147,0
2218,8,10,0,173,0
2219,38,8,0,304,1
2220,96,2,0,14,1
2221,2,3,0,36,0
2222,108,7,0,142,1
2223,999,0,0,0,1
2224,11,5,0,118,0
2225,19,5,0,150,0
2226,64,4,0,56,1
2227,2,2,0,29,0
2228,44,2,0,14,1
2229,82,3,0,39,1
2230,87,4,0,87,1
2231,31,8,0,237,1
2232,29,24,13,15341,0
2233,1,11,1,375,0
2234,1,33,7,10313,0
2235,20,4,0,108,0
2236,7,7,0,164,0
2237,15,15,6,3321,0
2238,15,7,0,110,0
2239,1,22,8,8517,0
2240,22,3,0,70,0
2241,2,7,0,97,0
2242,40,4,0,51,1
2243,24,1,0,4,0
2244,14,7,0,145,0
2245,28,1,0,10,0
2246,41,3,0,31,1
2247,14,6,0,119,0
2248,2,2,0,17,0
2249,28,13,2,891,0
2250,6,14,0,448,0
2251,139,1,0,24,1
2252,19,5,0,73,0
2253,69,1,0,22,1
2254,3,8,0,163,0
2255,1,18,2,1657,0
2256,13,8,0,131,0
2257,1,15,1,527,0
2258,6,9,0,310,0
2259,14,1,0,9,0
2260,5,8,0,149,0
2261,2,9,0,182,0
2262,3,16,5,3364,0
2263,5,2,0,31,0
2264,2,26,5,5415,0
2265,20,4,0,54,0
2266,1,24,5,5321,0
2267,39,19,6,4604,1
2268,5,27,11,14483,0
2269,192,2,0,11,1
2270,2,10,2,590,0
2271,29,19,0,523,0
2272,3,5,0,74,0
2273,45,3,0,43,1
2274,5,4,0,102,0
2275,77,3,0,40,1
2276,13,7,0,233,0
2277,19,1,0,8,0
2278,5,12,1,369,0
2279,30,5,0,93,0
2280,2,8,0,132,0
2281,11,2,0,17,0
2282,2,2,0,32,0
2283,13,14,0,351,0
2284,29,1,0,11,0
2285,32,6,0,142,1
2286,1,2,0,17,0
2287,3,11,2,642,0
2288,14,2,0,30,0
2289,25,7,0,216,0
2290,28,6,0,90,0
2291,9,10,0,180,0
2292,15,6,0,92,0
2293,2,6,0,124,0
2294,4,6,0,121,0
2295,16,3,0,69,0
2296,38,5,0,79,1
2297,17,2,0,52,0
2298,13,18,7,6735,0
2299,49,6,0,113,1
2300,195,1,0,5,1
2301,68,3,0,61,1
2302,5,9,1,151,0
2303,21,3,0,32,0
2304,188,1,0,9,1
2305,171,4,1,87,1
2306,76,2,0,28,1
2307,24,8,0,223,0
2308,70,1,0,17,1
2309,3,8,0,146,0
2310,999,0,0,0,1
2311,28,6,0,111,0
2312,10,10,0,192,0
2313,5,12,1,421,0
2314,13,4,0,56,0
2315,211,1,0,16,1
2316,2,21,6,5736,0
2317,7,24,4,5048,0
2318,89,2,0,14,1
2319,13,2,0,50,0
2320,5,18,1,534,0
2321,9,9,2,500,0
2322,3,9,0,182,0
2323,8,28,10,11108,0
2324,25,4,0,54,0
2325,68,4,0,92,1
2326,142,4,0,29,1
2327,15,2,0,11,0
2328,146,1,0,14,1
2329,1,12,0,349,0
2330,31,6,0,116,1
2331,4,18,12,10668,0
2332,5,3,0,38,0
2333,1,10,0,221,0
2334,69,3,0,54,1
2335,1,11,0,176,0
2336,2,8,0,201,0
2337,22,10,0,253,0
2338,9,5,0,137,0
2339,2,16,1,492,0
2340,3,10,1,275,0
2341,5,15,0,386,0
2342,7,8,0,213,0
2343,6,9,0,234,0
2344,8,4,0,113,0
2345,21,1,0,14,0
2346,22,9,0,160,0
2347,34,9,0,219,1
2348,17,9,0,240,0
2349,1,22,19,20551,0
2350,37,1,0,8,1
2351,146,1,0,7,1
2352,19,20,4,3920,0
2353,2,15,3,1244,0
2354,51,2,0,12,1
2355,3,12,0,413,0
2356,36,2,0,18,1
2357,13,9,1,271,0
2358,152,1,0,8,1
2359,14,12,0,270,0
2360,1,36,15,26870,0
2361,5,10,0,303,0
2362,3,9,0,287,0
2363,142,1,0,4,1
2364,142,1,0,10,1
2365,999,0,0,0,1
2366,44,17,5,3250,1
2367,160,1,0,10,1
2368,4,12,0,347,0
2369,3,2,0,11,0
2370,32,6,0,107,1
2371,12,5,0,64,0
2372,22,3,0,25,0
2373,15,5,0,133,0
2374,11,11,0,278,0
2375,56,2,0,17,1
2376,999,0,0,0,1
2377,57,1,0,15,1
2378,42,3,0,36,1
2379,67,3,0,28,1
2380,999,0,0,0,1
2381,8,4,0,70,0
2382,91,1,0,24,1
2383,23,1,0,7,0
2384,37,3,0,23,1
2385,25,4,0,89,0
2386,999,0,0,0,1
2387,20,8,0,197,0
2388,17,5,0,73,0
2389,999,0,0,0,1
2390,15,1,0,14,0
2391,2,11,0,177,0
2392,25,10,1,315,0
2393,39,4,0,99,1
2394,7,17,8,6011,0
2395,16,11,0,323,0
2396,11,13,1,457,0
2397,10,1,0,11,0
2398,8,10,0,309,0
2399,3,10,0,252,0
2400,1,17,7,5717,0
2401,43,1,0,5,1
2402,31,6,0,85,1
2403,7,8,0,189,0
2404,6,4,0,121,0
2405,58,6,0,171,1
2406,58,3,0,45,1
2407,5,22,2,1800,0
2408,5,20,9,7465,0
2409,10,3,0,34,0
2410,6,12,0,432,0
2411,999,0,0,0,1
2412,3,5,0,136,0
2413,41,1,0,12,1
2414,4,7,0,285,0
2415,23,1,0,24,0
2416,7,10,2,635,0
2417,999,0,0,0,1
2418,45,1,0,4,1
2419,999,0,0,0,1
2420,79,1,0,6,1
2421,32,4,1,91,1
2422,90,2,0,17,1
2423,5,29,9,11484,0
2424,999,0,0,0,1
2425,16,4,0,39,0
2426,6,1,0,11,0
2427,13,1,0,14,0
2428,152,1,0,14,1
2429,229,2,0,21,1
2430,3,26,7,9014,0
2431,43,5,0,71,1
2432,999,0,0,0,1
2433,2,8,1,279,0
2434,94,3,0,34,1
2435,999,0,0,0,1
2436,218,1,0,14,1
2437,17,5,0,103,0
2438,35,1,0,4,1
2439,11,2,0,15,0
2440,41,2,0,22,1
2441,5,5,0,169,0
2442,2,19,5,4363,0
2443,4,11,0,236,0
2444,8,9,0,232,0
2445,4,7,0,125,0
2446,34,2,0,35,1
2447,215,1,0,9,1
2448,34,9,0,175,1
2449,48,4,0,47,1
2450,10,7,0,160,0
2451,4,11,0,352,0
2452,2,12,2,793,0
2453,10,7,0,60,0
2454,3,14,0,434,0
2455,30,6,0,120,0
2456,7,4,0,75,0
2457,16,4,0,50,0
2458,10,24,14,15448,0
2459,8,11,0,203,0
2460,37,6,0,130,1
2461,4,21,5,4695,0
2462,2,25,10,12473,0
2463,69,1,0,16,1
2464,8,22,10,8547,0
2465,5,9,0,200,0
2466,13,10,0,268,0
2467,16,5,0,93,0
2468,32,6,0,120,1
2469,13,7,1,178,0
2470,71,2,0,29,1
2471,63,5,0,99,1
2472,3,2,0,36,0
2473,11,2,0,21,0
2474,999,0,0,0,1
2475,6,5,0,82,0
2476,999,0,0,0,1
2477,5,12,8,4571,0
2478,5,2,0,34,0
2479,306,1,0,13,1
2480,43,4,0,120,1
2481,4,18,9,7468,0
2482,91,2,0,17,1
2483,38,2,0,20,1
2484,31,5,0,94,1
2485,24,6,0,245,0
2486,9,8,0,159,0
2487,86,2,0,28,1
2488,2,7,0,163,0
2489,6,3,0,41,0
2490,110,2,0,21,1
2491,20,8,0,197,0
2492,35,21,8,5950,1
2493,57,2,0,23,1
2494,11,9,0,290,0
2495,69,1,0,5,1
2496,4,7,0,147,0
2497,13,10,1,265,0
2498,40,7,0,289,1
2499,16,7,0,136,0
2500,3,8,0,163,0
2501,89,1,0,2,1
2502,19,2,0,19,0
2503,3,9,0,267,0
2504,7,7,0,190,0
2505,22,2,0,16,0
2506,33,2,0,19,1
2507,5,22,10,9950,0
2508,91,3,0,95,1
2509,3,24,11,12952,0
2510,245,3,0,93,1
2511,101,5,0,108,1
2512,2,3,0,80,0
2513,21,6,0,129,0
2514,14,9,0,226,0
2515,85,5,0,54,1
2516,14,5,0,70,0
2517,165,2,0,80,1
2518,5,23,11,10542,0
2519,25,6,0,93,0
2520,26,3,0,31,0
2521,10,2,0,38,0
2522,7,12,0,334,0
2523,31,4,0,70,1
2524,5,3,0,30,0
2525,44,2,0,24,1
2526,7,3,0,46,0
2527,23,1,0,13,0
2528,5,4,0,77,0
2529,2,7,0,77,0
2530,6,1,0,11,0
2531,92,1,0,11,1
2532,38,6,1,188,1
2533,3,19,4,3601,0
2534,12,8,0,109,0
2535,122,1,0,8,1
2536,6,11,0,233,0
2537,14,1,0,12,0
2538,7,23,7,7829,0
2539,13,10,0,249,0
2540,77,4,0,72,1
2541,5,9,0,170,0
2542,6,21,8,7489,0
2543,6,4,0,64,0
2544,37,8,0,293,1
2545,31,9,0,154,1
2546,4,8,0,137,0
2547,2,4,0,65,0
2548,19,2,0,27,0
2549,72,2,0,22,1
2550,30,5,0,85,0
2551,4,6,0,97,0
2552,46,11,0,345,1
2553,32,5,0,113,1
2554,10,6,0,128,0
2555,10,8,0,178,0
2556,3,5,0,74,0
2557,39,2,0,21,1
2558,2,4,0,85,0
2559,283,1,0,6,1
2560,22,2,0,23,0
2561,3,22,3,2506,0
2562,221,1,0,8,1
2563,2,1,0,9,0
2564,18,2,0,13,0
2565,22,8,0,131,0
2566,2,7,0,227,0
2567,2,10,0,315,0
2568,80,5,0,132,1
2569,7,3,0,39,0
2570,16,7,0,166,0
2571,21,21,6,6409,0
2572,19,2,0,18,0
2573,3,11,0,294,0
2574,3,5,0,79,0
2575,43,7,0,160,1
2576,2,10,0,298,0
2577,181,2,0,23,1
2578,43,4,0,73,1
2579,17,16,10,6421,0
2580,318,1,0,7,1
2581,9,1,0,3,0
2582,69,7,0,162,1
2583,17,6,0,166,0
2584,222,1,0,18,1
2585,127,2,0,36,1
2586,2,9,1,362,0
2587,28,3,0,34,0
2588,34,2,0,41,1
2589,1,3,0,23,0
2590,3,4,0,61,0
2591,5,3,0,34,0
2592,44,2,0,14,1
2593,11,4,0,45,0
2594,999,0,0,0,1
2595,70,14,0,442,1
2596,12,4,0,69,0
2597,1,25,4,4613,0
2598,9,3,0,30,0
2599,91,3,0,49,1
2600,33,6,0,112,1
2601,14,7,0,131,0
2602,2,7,0,124,0
2603,13,19,9,7963,0
2604,15,19,7,6157,0
2605,7,4,0,26,0
2606,999,0,0,0,1
2607,13,1,0,32,0
2608,6,1,0,9,0
2609,9,3,0,57,0
2610,26,3,0,22,0
2611,35,2,0,23,1
2612,39,12,2,617,1
2613,8,1,0,11,0
2614,999,0,0,0,1
2615,4,8,0,150,0
2616,3,4,0,39,0
2617,21,9,1,199,0
2618,105,2,0,35,1
2619,4,8,1,235,0
2620,16,5,0,161,0
2621,19,3,0,67,0
2622,5,4,0,84,0
2623,4,7,0,176,0
2624,76,2,0,21,1
2625,2,2,0,32,0
2626,12,2,0,12,0
2627,24,7,2,410,0
2628,104,1,0,14,1
2629,184,1,0,15,1
2630,11,6,0,94,0
2631,33,2,0,31,1
2632,39,2,0,35,1
2633,3,16,10,7386,0
2634,36,2,0,17,1
2635,1,11,0,315,0
2636,76,1,0,10,1
2637,49,7,1,189,1
2638,58,3,0,29,1
2639,252,1,0,18,1
2640,22,7,0,86,0
2641,12,25,6,6163,0
2642,14,19,6,5412,0
2643,185,2,0,16,1
2644,999,0,0,0,1
2645,28,8,1,218,0
2646,8,6,0,104,0
2647,1,27,6,7259,0
2648,296,1,0,18,1
2649,5,7,2,505,0
2650,227,1,0,13,1
2651,29,3,0,24,0
2652,2,6,0,135,0
2653,9,7,0,106,0
2654,58,9,1,251,1
2655,22,7,0,146,0
2656,21,1,0,6,0
2657,40,11,0,368,1
2658,6,3,0,45,0
2659,999,0,0,0,1
2660,19,11,0,331,0
2661,7,8,0,182,0
2662,13,18,7,5562,0
2663,2,3,0,38,0
2664,52,2,0,21,1
2665,3,2,0,38,0
2666,24,2,0,25,0
2667,95,3,0,50,1
2668,1,16,2,884,0
2669,15,12,1,444,0
2670,171,5,0,160,1
2671,2,6,0,46,0
2672,29,3,0,37,0
2673,13,16,0,434,0
2674,999,0,0,0,1
2675,75,1,0,4,1
2676,999,0,0,0,1
2677,6,7,0,166,0
2678,2,6,0,123,0
2679,11,4,0,66,0
2680,999,0,0,0,1
2681,7,14,7,4468,0
2682,16,10,0,217,0
2683,5,15,0,413,0
2684,33,3,0,28,1
2685,19,2,0,27,0
2686,89,4,0,53,1
2687,2,6,0,132,0
2688,18,5,0,123,0
2689,6,8,0,143,0
2690,39,5,0,58,1
2691,8,23,5,5181,0
2692,77,4,0,64,1
2693,14,2,0,17,0
2694,38,6,0,177,1
2695,999,0,0,0,1
2696,25,5,0,102,0
2697,3,35,16,19789,0
2698,2,5,0,86,0
2699,22,8,0,275,0
2700,4,2,0,33,0
2701,19,1,0,16,0
2702,104,1,0,16,1
2703,20,8,0,226,0
2704,21,6,0,152,0
2705,77,5,0,56,1
2706,46,4,0,40,1
2707,52,7,0,138,1
2708,3,3,0,20,0
2709,1,10,0,202,0
2710,999,0,0,0,1
2711,14,7,0,123,0
2712,999,0,0,0,1
2713,153,1,0,13,1
2714,9,11,0,329,0
2715,22,7,0,99,0
2716,26,4,0,86,0
2717,999,0,0,0,1
2718,28,5,0,66,0
2719,14,3,0,36,0
2720,4,9,0,291,0
2721,12,7,0,242,0
2722,31,4,0,33,1
2723,42,3,0,58,1
2724,18,1,0,7,0
2725,12,4,0,87,0
2726,36,4,0,103,1
2727,2,24,10,9630,0
2728,4,3,0,130,0
2729,1,12,0,411,0
2730,1,28,8,9364,0
2731,37,7,1,185,1
2732,263,1,0,18,1
2733,16,3,0,27,0
2734,2,4,0,53,0
2735,3,1,0,5,0
2736,82,1,0,23,1
2737,38,6,0,132,1
2738,9,7,0,112,0
2739,37,3,0,24,1
2740,5,5,0,109,0
2741,29,6,0,153,0
2742,97,1,0,15,1
2743,4,26,12,12549,0
2744,3,20,4,3108,0
2745,6,15,0,402,0
2746,54,5,0,131,1
2747,11,1,0,5,0
2748,95,4,0,31,1
2749,29,7,0,209,0
2750,999,0,0,0,1
2751,6,2,0,20,0
2752,12,3,0,34,0
2753,999,0,0,0,1
2754,12,7,0,172,0
2755,2,4,0,57,0
2756,40,4,0,52,1
2757,31,2,0,9,1
2758,3,3,0,36,0
2759,60,4,0,42,1
2760,999,0,0,0,1
2761,32,8,0,205,1
2762,11,7,0,132,0
2763,9,4,0,63,0
2764,38,3,0,44,1
2765,4,9,0,295,0
2766,3,14,9,6508,0
2767,59,3,0,28,1
2768,143,2,0,12,1
2769,999,0,0,0,1
2770,2,7,0,82,0
2771,3,18,7,4720,0
2772,14,20,6,5295,0
2773,25,9,1,239,0
2774,85,5,0,101,1
2775,2,14,0,426,0
2776,2,1,0,14,0
2777,9,2,0,27,0
2778,121,1,0,11,1
2779,4,1,0,40,0
2780,28,3,0,24,0
2781,39,2,0,33,1
2782,54,6,1,142,1
2783,15,8,1,260,0
2784,73,3,0,29,1
2785,18,2,0,13,0
2786,2,9,0,183,0
2787,136,1,0,7,1
2788,999,0,0,0,1
2789,999,0,0,0,1
2790,1,6,0,106,0
2791,16,6,0,100,0
2792,2,4,0,43,0
2793,22,10,0,224,0
2794,41,6,0,65,1
2795,16,3,0,25,0
2796,10,6,0,152,0
2797,134,6,0,142,1
2798,13,4,0,84,0
2799,7,24,12,12099,0
2800,2,12,0,307,0
2801,6,8,0,272,0
2802,2,27,14,16400,0
2803,6,4,0,57,0
2804,12,6,0,178,0
2805,69,2,0,23,1
2806,67,4,0,71,1
2807,47,3,0,43,1
2808,17,5,0,40,0
2809,6,12,0,342,0
2810,999,0,0,0,1
2811,5,3,0,25,0
2812,5,5,0,49,0
2813,4,6,0,109,0
2814,29,5,0,114,0
2815,13,9,0,138,0
2816,57,11,0,348,1
2817,45,1,0,9,1
2818,6,17,2,1017,0
2819,69,7,0,118,1
2820,21,6,0,105,0
2821,4,5,0,119,0
2822,21,10,1,296,0
2823,16,19,8,7135,0
2824,13,29,5,6156,0
2825,14,18,6,5385,0
2826,14,17,5,3561,0
2827,12,10,0,176,0
2828,6,7,0,184,0
2829,12,8,1,269,0
2830,15,7,0,154,0
2831,158,3,0,41,1
2832,120,1,0,4,1
2833,165,1,0,6,1
2834,6,2,0,17,0
2835,2,5,0,113,0
2836,31,6,0,107,1
2837,19,3,0,46,0
2838,20,11,0,322,0
2839,1,14,1,386,0
2840,999,0,0,0,1
2841,111,2,0,12,1
2842,5,2,0,17,0
2843,69,2,0,18,1
2844,10,15,0,507,0
2845,6,10,0,273,0
2846,4,8,1,224,0
2847,110,6,0,86,1
2848,17,2,0,22,0
2849,63,9,0,252,1
2850,13,12,2,1305,0
2851,11,19,4,2922,0
2852,103,1,0,10,1
2853,61,3,0,38,1
2854,19,3,0,33,0
2855,109,2,0,13,1
2856,5,4,0,82,0
2857,2,26,12,14690,0
2858,192,5,0,70,1
2859,8,22,11,11662,0
2860,133,1,0,21,1
2861,37,1,0,5,1
2862,54,10,1,264,1
2863,156,2,0,28,1
2864,27,5,0,32,0
2865,4,10,0,264,0
2866,159,2,0,12,1
2867,2,6,0,66,0
2868,31,4,0,98,1
2869,34,8,0,217,1
2870,34,4,0,60,1
2871,15,22,5,5607,0
2872,8,11,2,745,0
2873,3,7,1,199,0
2874,131,2,0,21,1
2875,6,3,0,34,0
2876,25,3,0,51,0
2877,114,3,0,31,1
2878,23,8,0,153,0
2879,65,9,0,305,1
2880,18,1,0,13,0
2881,39,4,0,88,1
2882,4,9,0,185,0
2883,7,12,0,317,0
2884,2,6,0,94,0
2885,61,4,0,44,1
2886,3,8,0,156,0
2887,144,1,0,6,1
2888,48,2,0,36,1
2889,55,6,0,125,1
2890,121,1,0,10,1
2891,999,0,0,0,1
2892,16,2,0,24,0
2893,21,3,0,66,0
2894,33,2,0,19,1
2895,54,3,1,85,1
2896,30,1,0,12,0
2897,37,2,0,28,1
2898,8,16,8,5353,0
2899,4,6,0,127,0
2900,1,11,0,376,0
2901,54,4,0,54,1
2902,14,11,0,364,0
2903,58,4,0,67,1
2904,40,6,1,175,1
2905,11,4,0,95,0
2906,999,0,0,0,1
2907,999,0,0,0,1
2908,5,5,0,64,0
2909,26,2,0,33,0
2910,9,7,0,202,0
2911,41,2,0,16,1
2912,30,3,0,25,0
2913,129,1,0,13,1
2914,94,2,0,48,1
2915,13,7,0,191,0
2916,83,3,0,50,1
2917,137,2,0,12,1
2918,999,0,0,0,1
2919,77,1,0,10,1
2920,12,5,0,45,0
2921,37,4,0,74,1
2922,7,10,0,158,0
2923,2,25,10,10517,0
2924,17,2,0,28,0
2925,18,9,2,583,0
2926,3,4,0,28,0
2927,57,6,0,196,1
2928,104,2,0,28,1
2929,1,14,7,4949,0
2930,13,10,0,365,0
2931,3,8,0,212,0
2932,7,13,0,338,0
2933,286,1,0,14,1
2934,9,5,0,158,0
2935,2,7,0,156,0
2936,11,18,1,518,0
2937,999,0,0,0,1
2938,114,1,0,29,1
2939,2,9,0,170,0
2940,31,3,0,30,1
2941,44,6,0,127,1
2942,18,17,8,6094,0
2943,25,6,0,227,0
2944,8,12,2,746,0
2945,3,26,8,8337,0
2946,1,29,10,12022,0
2947,36,4,0,95,1
2948,12,4,0,104,0
2949,1,11,0,263,0
2950,48,5,0,116,1
2951,93,3,0,40,1
2952,16,2,0,30,0
2953,34,11,0,306,1
2954,3,3,0,39,0
2955,21,15,1,450,0
2956,29,4,0,28,0
2957,26,4,0,124,0
2958,67,4,0,50,1
2959,15,7,0,268,0
2960,82,2,0,26,1
2961,999,0,0,0,1
2962,20,7,0,199,0
2963,999,0,0,0,1
2964,2,2,0,16,0
2965,198,1,0,6,1
2966,263,1,0,8,1
2967,2,5,0,68,0
2968,39,2,0,13,1
2969,51,5,0,92,1
2970,12,7,2,437,0
2971,3,7,0,168,0
2972,68,1,0,13,1
2973,5,1,0,4,0
2974,159,1,0,8,1
2975,1,18,5,4275,0
2976,999,0,0,0,1
2977,999,0,0,0,1
2978,5,3,0,93,0
2979,14,9,0,247,0
2980,8,3,0,30,0
2981,8,10,0,263,0
2982,6,4,0,66,0
2983,2,11,0,314,0
2984,6,6,0,123,0
2985,56,9,0,274,1
2986,18,8,0,226,0
2987,4,5,0,124,0
2988,20,4,0,81,0
2989,6,3,0,46,0
2990,9,4,0,39,0
2991,182,1,0,6,1
2992,27,5,0,121,0
2993,7,4,0,78,0
2994,69,3,0,30,1
2995,50,1,0,24,1
2996,2,4,0,57,0
2997,33,11,2,602,1
2998,16,3,0,40,0
2999,93,1,0,24,1
3000,1,10,0,174,0
3001,4,2,0,13,0
3002,3,4,0,45,0
3003,1,5,0,67,0
3004,28,5,1,128,0
3005,9,11,1,330,0
3006,4,8,0,234,0
3007,5,4,0,74,0
3008,1,15,1,426,0
3009,67,1,0,20,1
3010,11,3,0,40,0
3011,1,6,0,117,0
3012,19,10,0,325,0
3013,83,7,0,138,1
3014,1,31,14,16652,0
3015,37,5,0,58,1
3016,11,7,0,172,0
3017,12,9,1,177,0
3018,9,4,0,49,0
3019,10,1,0,24,0
3020,105,7,0,166,1
3021,56,7,0,86,1
3022,3,14,1,378,0
3023,139,1,0,20,1
3024,11,2,0,11,0
3025,17,1,0,4,0
3026,8,2,0,36,0
3027,4,3,0,23,0
3028,41,11,1,320,1
3029,2,22,9,9707,0
3030,30,4,0,51,0
3031,999,0,0,0,1
3032,2,6,0,95,0
3033,65,3,0,40,1
3034,999,0,0,0,1
3035,14,14,3,1943,0
3036,7,2,0,24,0
3037,19,13,4,2154,0
3038,8,11,0,346,0
3039,40,4,0,43,1
3040,999,0,0,0,1
3041,1,12,1,391,0
3042,3,7,0,124,0
3043,231,1,0,17,1
3044,6,14,0,388,0
3045,7,7,0,85,0
3046,62,2,0,30,1
3047,63,2,0,38,1
3048,42,4,0,126,1
3049,7,10,0,377,0
3050,6,8,0,222,0
3051,20,3,0,77,0
3052,4,2,0,21,0
3053,1,2,0,55,0
3054,2,6,0,102,0
3055,83,2,0,32,1
3056,30,1,0,5,0
3057,14,2,0,45,0
3058,2,14,1,355,0
3059,38,8,1,255,1
3060,125,3,0,82,1
3061,5,4,0,46,0
3062,999,0,0,0,1
3063,11,2,0,28,0
3064,36,1,0,8,1
3065,9,1,0,13,0
3066,284,1,0,15,1
3067,5,25,14,15812,0
3068,55,3,0,46,1
3069,139,1,0,14,1
3070,12,4,0,33,0
3071,60,2,0,23,1
3072,3,8,0,170,0
3073,7,6,0,121,0
3074,73,7,0,212,1
3075,33,3,0,55,1
3076,16,4,0,92,0
3077,15,11,0,384,0
3078,3,9,0,150,0
3079,7,30,12,17337,0
3080,18,4,0,46,0
3081,7,19,7,5634,0
3082,23,4,0,68,0
3083,20,5,0,91,0
3084,11,5,0,88,0
3085,47,2,0,30,1
3086,68,1,0,8,1
3087,25,3,0,68,0
3088,10,25,7,8221,0
3089,19,7,0,111,0
3090,38,4,0,82,1
3091,69,5,0,101,1
3092,25,4,0,56,0
3093,15,14,2,764,0
3094,999,0,0,0,1
3095,6,9,2,663,0
3096,42,2,0,28,1
3097,90,3,0,34,1
3098,4,7,0,244,0
3099,8,4,0,87,0
3100,8,2,0,29,0
3101,74,3,0,58,1
3102,999,0,0,0,1
3103,43,7,4,1196,1
3104,5,2,0,41,0
3105,79,1,0,4,1
3106,999,0,0,0,1
3107,125,2,0,31,1
3108,3,20,7,5768,0
3109,999,0,0,0,1
3110,198,2,0,18,1
3111,999,0,0,0,1
3112,2,2,0,22,0
3113,40,9,0,208,1
3114,2,10,0,256,0
3115,21,6,0,88,0
3116,125,2,0,17,1
3117,9,5,0,86,0
3118,18,1,0,8,0
3119,34,9,0,284,1
3120,14,11,0,280,0
3121,25,7,0,164,0
3122,1,8,0,163,0
3123,6,10,0,309,0
3124,12,11,0,267,0
3125,10,7,0,197,0
3126,45,3,0,74,1
3127,1,25,8,9138,0
3128,9,3,0,38,0
3129,999,0,0,0,1
3130,84,2,0,16,1
3131,62,1,0,17,1
3132,5,9,1,271,0
3133,6,6,0,102,0
3134,164,1,0,6,1
3135,5,1,0,5,0
3136,41,4,0,47,1
3137,20,1,0,24,0
3138,3,11,0,275,0
3139,19,2,0,25,0
3140,87,5,0,116,1
3141,6,27,9,9189,0
3142,4,7,0,125,0
3143,3,7,0,177,0
3144,5,5,0,122,0
3145,2,8,0,163,0
3146,6,8,0,150,0
3147,196,3,0,41,1
3148,39,3,0,40,1
3149,999,0,0,0,1
3150,999,0,0,0,1
3151,92,9,0,306,1
3152,19,1,0,7,0
3153,5,11,0,309,0
3154,19,2,0,12,0
3155,43,3,0,35,1
3156,97,3,0,31,1
3157,10,4,0,44,0
3158,26,1,0,21,0
3159,10,1,0,14,0
3160,7,13,1,474,0
3161,21,13,0,339,0
3162,4,2,0,27,0
3163,999,0,0,0,1
3164,15,7,0,139,0
3165,65,5,0,115,1
3166,35,5,0,53,1
3167,22,1,0,24,0
3168,29,5,0,128,0
3169,8,9,0,169,0
3170,20,2,0,35,0
3171,12,3,0,42,0
3172,17,1,0,8,0
3173,36,6,0,211,1
3174,95,1,0,30,1
3175,115,5,0,87,1
3176,43,3,0,38,1
3177,999,0,0,0,1
3178,138,2,0,28,1
3179,148,2,0,29,1
3180,46,10,2,639,1
3181,999,0,0,0,1
3182,4,25,11,12391,0
3183,6,13,4,2354,0
3184,28,1,0,22,0
3185,24,11,0,343,0
3186,6,14,0,461,0
3187,221,1,0,12,1
3188,2,3,0,30,0
3189,255,1,0,11,1
3190,33,2,0,24,1
3191,47,3,0,61,1
3192,3,25,6,6656,0
3193,18,22,3,2704,0
3194,5,4,0,85,0
3195,26,6,0,99,0
3196,21,10,0,175,0
3197,30,1,0,13,0
3198,49,3,0,36,1
3199,1,17,1,493,0
3200,3,12,0,349,0
3201,127,1,0,12,1
3202,248,1,0,3,1
3203,12,2,0,19,0
3204,22,3,0,69,0
3205,999,0,0,0,1
3206,87,2,0,34,1
3207,10,10,0,268,0
3208,5,4,0,54,0
3209,14,3,0,37,0
3210,34,9,0,139,1
3211,1,6,0,75,0
3212,2,11,0,401,0
3213,12,6,0,46,0
3214,120,4,0,93,1
3215,999,0,0,0,1
3216,19,1,0,8,0
3217,5,4,0,124,0
3218,95,1,0,22,1
3219,20,8,0,149,0
3220,3,20,7,6352,0
3221,2,7,0,73,0
3222,7,11,0,349,0
3223,19,7,0,153,0
3224,2,13,0,372,0
3225,11,20,3,2507,0
3226,1,11,1,356,0
3227,8,14,0,401,0
3228,24,3,0,28,0
3229,52,1,0,3,1
3230,3,10,3,1608,0
3231,8,16,0,576,0
3232,78,1,0,24,1
3233,9,2,0,26,0
3234,21,10,0,313,0
3235,999,0,0,0,1
3236,32,4,0,93,1
3237,109,1,0,11,1
3238,7,10,0,192,0
3239,12,16,1,519,0
3240,18,8,0,223,0
3241,95,2,0,26,1
3242,2,4,0,107,0
3243,94,3,0,34,1
3244,7,25,7,8408,0
3245,4,5,0,80,0
3246,7,5,0,58,0
3247,12,5,0,88,0
3248,20,9,0,307,0
3249,10,5,0,103,0
3250,16,23,5,4466,0
3251,172,2,0,33,1
3252,8,5,0,59,0
3253,16,10,0,181,0
3254,13,7,0,139,0
3255,1,7,0,60,0
3256,230,1,0,8,1
3257,14,4,0,30,0
3258,999,0,0,0,1
3259,51,5,0,74,1
3260,5,15,0,419,0
3261,41,5,0,73,1
3262,60,1,0,5,1
3263,129,5,0,68,1
3264,18,1,0,10,0
3265,999,0,0,0,1
3266,9,8,0,271,0
3267,127,3,0,42,1
3268,3,9,0,239,0
3269,8,7,0,168,0
3270,1,24,9,9870,0
3271,12,7,0,117,0
3272,6,8,0,156,0
3273,205,1,0,19,1
3274,30,3,0,34,0
3275,5,10,0,225,0
3276,47,7,0,188,1
3277,75,1,0,8,1
3278,68,2,0,23,1
3279,24,1,0,10,0
3280,64,3,0,44,1
3281,999,0,0,0,1
3282,14,4,0,46,0
3283,30,3,0,35,0
3284,76,5,0,99,1
3285,9,9,0,141,0
3286,19,6,0,109,0
3287,7,14,6,4332,0
3288,80,2,0,30,1
3289,15,7,0,228,0
3290,999,0,0,0,1
3291,55,2,0,17,1
3292,56,7,0,111,1
3293,3,2,0,31,0
3294,15,1,0,6,0
3295,60,10,0,266,1
3296,999,0,0,0,1
3297,2,6,0,120,0
3298,29,5,0,124,0
3299,31,4,0,29,1
3300,999,0,0,0,1
3301,19,4,0,94,0
3302,6,5,1,112,0
3303,999,0,0,0,1
3304,2,2,0,19,0
3305,1,15,2,892,0
3306,28,3,0,45,0
3307,25,12,1,362,0
3308,1,9,1,271,0
3309,3,14,5,3029,0
3310,102,3,0,33,1
3311,2,18,2,1546,0
3312,4,5,0,196,0
3313,29,4,0,61,0
3314,17,9,0,197,0
3315,149,2,0,22,1
3316,13,17,5,3756,0
3317,5,4,0,55,0
3318,8,14,0,472,0
3319,12,5,0,89,0
3320,39,10,1,250,1
3321,34,3,0,45,1
3322,16,5,0,57,0
3323,16,12,0,375,0
3324,16,5,0,78,0
3325,0,10,1,317,0
3326,44,3,0,40,1
3327,3,6,0,53,0
3328,4,10,0,282,0
3329,11,8,0,150,0
3330,93,2,0,18,1
3331,20,7,0,150,0
3332,19,8,0,241,0
3333,39,1,0,2,1
3334,5,6,0,93,0
3335,4,8,0,303,0
3336,3,3,0,37,0
3337,23,12,0,355,0
3338,44,13,4,2716,1
3339,23,2,0,18,0
3340,4,8,0,153,0
3341,75,1,0,14,1
3342,172,4,0,80,1
3343,5,6,0,117,0
3344,3,16,1,392,0
3345,23,3,0,44,0
3346,2,10,1,295,0
3347,3,10,3,654,0
3348,12,19,5,4040,0
3349,26,4,0,73,0
3350,82,2,0,22,1
3351,48,2,0,57,1
3352,177,3,0,24,1
3353,2,7,0,110,0
3354,4,7,0,147,0
3355,29,4,0,72,0
3356,25,2,0,29,0
3357,4,23,9,10488,0
3358,2,10,0,367,0
3359,259,3,0,51,1
3360,3,3,0,30,0
3361,14,11,0,320,0
3362,2,12,2,672,0
3363,37,6,1,166,1
3364,4,10,0,328,0
3365,12,10,0,313,0
3366,6,6,0,138,0
3367,2,10,0,387,0
3368,138,4,0,47,1
3369,26,1,0,16,0
3370,5,8,0,189,0
3371,69,3,0,33,1
3372,7,10,1,357,0
3373,2,5,0,53,0
3374,5,2,0,64,0
3375,34,7,0,118,1
3376,10,12,0,332,0
3377,19,9,0,267,0
3378,60,2,0,17,1
3379,32,4,0,53,1
3380,14,16,0,494,0
3381,1,30,16,18563,0
3382,17,10,1,362,0
3383,999,0,0,0,1
3384,2,12,1,394,0
3385,2,15,0,441,0
3386,76,5,0,101,1
3387,4,13,1,331,0
3388,13,7,0,177,0
3389,5,3,0,14,0
3390,4,10,0,259,0
3391,3,9,0,319,0
3392,48,1,0,7,1
3393,15,17,10,7806,0
3394,6,12,0,451,0
3395,1,6,0,84,0
3396,2,15,0,466,0
3397,65,2,0,30,1
3398,9,18,8,6571,0
3399,17,6,0,76,0
3400,15,3,0,19,0
3401,24,4,0,66,0
3402,14,8,0,143,0
3403,16,6,0,117,0
3404,3,13,1,354,0
3405,3,5,0,117,0
3406,10,8,0,185,0
3407,25,7,1,267,0
3408,103,4,0,33,1
3409,217,4,0,74,1
3410,23,1,0,6,0
3411,999,0,0,0,1
3412,34,1,0,13,1
3413,6,6,0,81,0
3414,92,1,0,22,1
3415,265,2,0,28,1
3416,5,3,0,72,0
3417,11,16,3,2210,0
3418,16,12,0,383,0
3419,224,1,0,6,1
3420,128,1,0,4,1
3421,1,4,0,50,0
3422,35,1,0,8,1
3423,16,3,0,86,0
3424,3,3,0,35,0
3425,5,21,7,6576,0
3426,70,4,0,53,1
3427,17,7,1,211,0
3428,3,11,1,317,0
3429,31,3,0,39,1
3430,31,9,0,264,1
3431,28,1,0,35,0
3432,35,4,0,140,1
3433,3,14,0,359,0
3434,73,1,0,10,1
3435,36,8,0,164,1
3436,38,2,0,22,1
3437,6,7,0,180,0
3438,999,0,0,0,1
3439,69,4,0,107,1
3440,10,6,0,169,0
3441,20,8,0,110,0
3442,16,1,0,15,0
3443,2,25,12,13825,0
3444,57,7,1,190,1
3445,20,7,0,182,0
3446,21,2,0,27,0
3447,16,3,0,23,0
3448,3,15,1,491,0
3449,67,4,0,33,1
3450,37,5,0,89,1
3451,189,1,0,24,1
3452,999,0,0,0,1
3453,3,6,0,109,0
3454,9,11,1,319,0
3455,116,1,0,7,1
3456,1,5,0,113,0
3457,19,7,0,161,0
3458,12,2,0,39,0
3459,11,1,0,8,0
3460,4,23,8,7520,0
3461,19,11,0,319,0
3462,27,3,0,45,0
3463,1,3,0,46,0
3464,59,4,0,48,1
3465,1,19,7,5500,0
3466,62,2,0,57,1
3467,3,7,1,264,0
3468,14,7,0,116,0
3469,7,8,0,192,0
3470,29,8,0,275,0
3471,2,11,0,314,0
3472,82,3,0,31,1
3473,44,9,0,237,1
3474,3,6,0,147,0
3475,5,14,0,448,0
3476,6,14,0,373,0
3477,71,1,0,3,1
3478,196,8,1,304,1
3479,2,7,0,188,0
3480,21,2,0,18,0
3481,3,11,2,632,0
3482,16,5,0,91,0
3483,60,1,0,7,1
3484,27,7,1,147,0
3485,4,20,8,6187,0
3486,232,1,0,10,1
3487,35,9,1,250,1
3488,51,4,1,94,1
3489,35,3,0,33,1
3490,999,0,0,0,1
3491,4,7,0,143,0
3492,59,2,0,34,1
3493,45,4,0,40,1
3494,15,3,0,37,0
3495,11,13,5,3130,0
3496,20,20,5,4203,0
3497,3,2,0,32,0
3498,17,12,0,377,0
3499,16,5,0,177,0
3500,1,9,0,288,0
3501,1,24,8,8688,0
3502,80,11,2,703,1
3503,15,6,0,114,0
3504,9,3,0,31,0
3505,107,1,0,6,1
3506,7,13,0,387,0
3507,32,3,0,35,1
3508,24,6,1,216,0
3509,48,9,1,251,1
3510,58,4,0,74,1
3511,2,7,0,234,0
3512,69,2,0,26,1
3513,68,1,0,4,1
3514,114,2,0,17,1
3515,23,3,0,45,0
3516,3,11,0,207,0
3517,36,4,0,55,1
3518,4,28,9,10523,0
3519,20,15,8,4351,0
3520,26,2,0,32,0
3521,6,3,0,24,0
3522,71,2,0,21,1
3523,29,5,1,155,0
3524,34,4,0,79,1
3525,21,10,0,358,0
3526,4,9,0,302,0
3527,3,3,0,52,0
3528,45,4,0,81,1
3529,999,0,0,0,1
3530,26,9,0,149,0
3531,180,1,0,6,1
3532,86,2,0,17,1
3533,37,8,0,138,1
3534,3,11,0,262,0
3535,201,4,0,104,1
3536,12,3,0,45,0
3537,120,2,0,24,1
3538,162,1,0,21,1
3539,125,3,0,24,1
3540,11,7,0,154,0
3541,5,2,0,21,0
3542,3,3,0,42,0
3543,11,8,0,137,0
3544,15,2,0,14,0
3545,9,4,0,55,0
3546,2,1,0,10,0
3547,7,3,0,29,0
3548,80,2,0,25,1
3549,21,5,0,101,0
3550,21,5,0,75,0
3551,4,2,0,50,0
3552,17,9,0,159,0
3553,13,7,0,146,0
3554,14,9,0,230,0
3555,125,4,0,49,1
3556,22,1,0,4,0
3557,31,11,0,313,1
3558,193,1,0,9,1
3559,13,5,0,51,0
3560,30,5,0,112,0
3561,28,3,0,45,0
3562,5,13,0,336,0
3563,9,8,0,211,0
3564,28,4,0,68,0
3565,109,1,0,16,1
3566,41,1,0,14,1
3567,8,2,0,26,0
3568,25,2,0,14,0
3569,1,10,0,213,0
3570,16,8,0,179,0
3571,3,8,0,143,0
3572,19,9,2,468,0
3573,1,20,9,8260,0
3574,4,5,0,99,0
3575,18,5,0,107,0
3576,12,3,0,39,0
3577,1,6,0,109,0
3578,40,5,0,84,1
3579,2,9,0,323,0
3580,16,4,0,71,0
3581,1,12,1,353,0
3582,94,2,0,7,1
3583,999,0,0,0,1
3584,162,1,0,24,1
3585,23,4,0,70,0
3586,78,3,0,36,1
3587,6,29,10,12258,0
3588,26,1,0,14,0
3589,14,2,0,13,0
3590,6,4,0,79,0
3591,17,2,0,23,0
3592,1,5,0,103,0
3593,42,1,0,12,1
3594,60,2,0,16,1
3595,2,18,7,5761,0
3596,3,15,0,376,0
3597,3,10,1,316,0
3598,999,0,0,0,1
3599,32,9,1,293,1
3600,11,1,0,6,0
3601,5,10,1,239,0
3602,65,1,0,11,1
3603,2,14,0,393,0
3604,17,11,5,2746,0
3605,24,10,0,328,0
3606,11,7,0,141,0
3607,106,2,0,30,1
3608,4,12,0,317,0
3609,52,5,0,102,1
3610,1,37,12,18322,0
3611,9,4,0,99,0
3612,35,5,0,93,1
3613,10,6,0,102,0
3614,41,9,0,270,1
3615,35,3,0,29,1
3616,10,2,0,29,0
3617,17,3,0,38,0
3618,5,7,0,153,0
3619,31,9,0,290,1
3620,999,0,0,0,1
3621,23,5,0,96,0
3622,4,6,0,146,0
3623,141,2,0,45,1
3624,3,9,2,507,0
3625,204,1,0,4,1
3626,11,1,0,3,0
3627,23,3,0,36,0
3628,5,1,0,3,0
3629,2,6,0,137,0
3630,13,9,0,137,0
3631,153,1,0,24,1
3632,11,4,0,40,0
3633,1,10,0,259,0
3634,19,2,0,47,0
3635,11,12,0,364,0
3636,43,2,0,41,1
3637,201,1,0,10,1
3638,62,3,0,47,1
3639,2,32,6,7461,0
3640,15,4,0,92,0
3641,4,18,1,609,0
3642,19,6,0,108,0
3643,134,1,0,13,1
3644,999,0,0,0,1
3645,23,4,0,85,0
3646,22,3,0,23,0
3647,185,1,0,17,1
3648,14,7,0,132,0
3649,46,17,4,3329,1
3650,6,2,0,26,0
3651,1,5,0,130,0
3652,40,2,0,20,1
3653,7,13,0,497,0
3654,999,0,0,0,1
3655,21,14,0,368,0
3656,38,3,0,59,1
3657,6,12,0,385,0
3658,2,4,0,99,0
3659,999,0,0,0,1
3660,5,6,0,113,0
3661,8,2,0,35,0
3662,7,4,0,39,0
3663,35,3,0,61,1
3664,193,1,0,13,1
3665,999,0,0,0,1
3666,206,2,0,61,1
3667,25,3,0,40,0
3668,99,2,0,24,1
3669,61,5,0,43,1
3670,110,1,0,10,1
3671,2,3,0,54,0
3672,2,5,0,80,0
3673,11,13,0,386,0
3674,19,2,0,22,0
3675,11,7,0,133,0
3676,18,5,0,75,0
3677,999,0,0,0,1
3678,130,10,0,220,1
3679,147,2,0,19,1
3680,999,0,0,0,1
3681,33,18,6,5208,1
3682,1,5,0,27,0
3683,2,10,0,271,0
3684,11,19,5,3688,0
3685,24,1,0,17,0
3686,22,8,2,420,0
3687,44,3,0,37,1
3688,7,5,0,165,0
3689,2,17,0,729,0
3690,178,3,0,42,1
3691,28,18,4,2644,0
3692,193,6,0,88,1
3693,999,0,0,0,1
3694,40,3,0,75,1
3695,59,3,0,60,1
3696,88,3,0,42,1
3697,2,5,0,81,0
3698,142,3,0,62,1
3699,7,12,0,349,0
3700,90,1,0,7,1
3701,25,7,0,235,0
3702,21,1,0,15,0
3703,38,5,0,67,1
3704,45,1,0,24,1
3705,21,10,0,397,0
3706,999,0,0,0,1
3707,2,6,0,64,0
3708,10,14,0,528,0
3709,75,1,0,7,1
3710,28,2,0,35,0
3711,56,3,0,33,1
3712,13,6,0,157,0
3713,6,6,0,103,0
3714,124,1,0,10,1
3715,164,1,0,14,1
3716,3,15,0,399,0
3717,13,8,0,226,0
3718,1,2,0,17,0
3719,27,4,0,53,0
3720,21,2,1,33,0
3721,8,9,0,269,0
3722,62,5,0,112,1
3723,42,8,0,148,1
3724,25,4,0,88,0
3725,17,6,0,133,0
3726,15,2,0,28,0
3727,19,10,1,212,0
3728,1,8,0,135,0
3729,216,2,0,35,1
3730,999,0,0,0,1
3731,28,6,0,153,0
3732,27,4,0,79,0
3733,5,3,0,30,0
3734,999,0,0,0,1
3735,14,4,0,63,0
3736,4,2,0,9,0
3737,3,22,5,4348,0
3738,13,7,0,140,0
3739,17,5,0,100,0
3740,89,2,0,17,1
3741,1,29,6,8050,0
3742,31,3,0,62,1
3743,42,7,0,100,1
3744,86,2,0,26,1
3745,7,12,1,342,0
3746,999,0,0,0,1
3747,16,11,0,359,0
3748,999,0,0,0,1
3749,4,6,0,109,0
3750,7,9,0,231,0
3751,54,4,0,73,1
3752,12,2,0,22,0
3753,9,2,0,19,0
3754,102,3,0,38,1
3755,89,3,0,39,1
3756,58,1,0,5,1
3757,138,1,0,22,1
3758,2,2,0,22,0
3759,5,3,0,20,0
3760,95,2,0,19,1
3761,3,15,0,430,0
3762,131,1,0,9,1
3763,1,2,0,37,0
3764,2,6,0,95,0
3765,14,2,0,39,0
3766,8,13,1,374,0
3767,4,14,2,801,0
3768,8,7,0,123,0
3769,292,1,0,28,1
3770,2,2,0,18,0
3771,999,0,0,0,1
3772,95,4,0,56,1
3773,31,9,1,227,1
3774,166,1,0,19,1
3775,2,27,3,3540,0
3776,15,2,0,17,0
3777,277,1,0,9,1
3778,3,3,0,41,0
3779,2,9,0,241,0
3780,34,22,9,10446,1
3781,999,0,0,0,1
3782,6,11,0,262,0
3783,123,2,0,17,1
3784,2,21,15,12763,0
3785,16,6,0,100,0
3786,54,4,0,50,1
3787,22,14,1,430,0
3788,5,4,0,89,0
3789,12,5,0,50,0
3790,33,2,0,43,1
3791,4,19,6,5281,0
3792,17,2,0,12,0
3793,5,5,0,91,0
3794,6,10,0,331,0
3795,999,0,0,0,1
3796,40,4,0,73,1
3797,47,2,0,20,1
3798,84,3,0,37,1
3799,6,3,0,24,0
3800,8,32,15,17639,0
3801,15,9,0,195,0
3802,9,7,0,164,0
3803,12,15,9,5619,0
3804,20,5,0,81,0
3805,9,24,8,7734,0
3806,1,11,0,293,0
3807,16,6,0,143,0
3808,1,9,0,174,0
3809,28,1,0,9,0
3810,999,0,0,0,1
3811,999,0,0,0,1
3812,124,3,0,18,1
3813,5,4,0,94,0
3814,1,2,0,29,0
3815,48,7,0,110,1
3816,21,3,0,51,0
3817,31,2,0,18,1
3818,10,4,0,111,0
3819,92,1,0,24,1
3820,2,3,0,35,0
3821,5,3,0,40,0
3822,22,6,0,116,0
3823,3,5,0,91,0
3824,8,10,0,189,0
3825,8,1,0,21,0
3826,12,3,0,40,0
3827,8,14,1,379,0
3828,3,9,1,272,0
3829,87,2,0,21,1
3830,1,11,0,376,0
3831,8,5,0,80,0
3832,19,4,0,27,0
3833,11,1,0,6,0
3834,999,0,0,0,1
3835,12,9,1,277,0
3836,5,3,0,38,0
3837,5,29,8,9974,0
3838,6,6,0,112,0
3839,13,20,3,2593,0
3840,27,6,0,100,0
3841,9,10,0,263,0
3842,20,8,1,183,0
3843,33,10,0,321,1
3844,4,6,0,135,0
3845,20,5,0,145,0
3846,27,9,0,167,0
3847,34,5,0,93,1
3848,56,5,0,108,1
3849,18,2,0,62,0
3850,14,13,2,764,0
3851,14,9,0,197,0
3852,18,6,0,135,0
3853,5,5,0,70,0
3854,103,1,0,9,1
3855,12,14,5,3265,0
3856,51,3,0,22,1
3857,3,8,0,176,0
3858,141,3,0,41,1
3859,6,5,0,167,0
3860,95,4,0,61,1
3861,40,6,0,214,1
3862,47,5,0,90,1
3863,7,10,0,275,0
3864,47,3,0,39,1
3865,1,24,12,12378,0
3866,40,8,0,294,1
3867,20,4,0,87,0
3868,4,22,3,2587,0
3869,6,4,0,95,0
3870,12,1,0,13,0
3871,12,14,6,3500,0
3872,2,5,0,43,0
3873,11,2,0,69,0
3874,21,3,0,35,0
3875,8,8,0,216,0
3876,7,3,0,46,0
3877,17,10,1,304,0
3878,2,15,0,431,0
3879,191,1,0,2,1
3880,67,2,0,25,1
3881,11,2,0,22,0
3882,30,10,0,163,0
3883,36,6,0,58,1
3884,4,5,0,60,0
3885,11,2,0,11,0
3886,39,9,0,280,1
3887,41,2,0,29,1
3888,29,10,1,250,0
3889,14,17,3,1493,0
3890,17,14,1,774,0
3891,18,6,0,128,0
3892,84,4,0,55,1
3893,999,0,0,0,1
3894,3,7,0,170,0
3895,27,2,0,19,0
3896,53,1,0,9,1
3897,30,3,0,39,0
3898,999,0,0,0,1
3899,52,5,0,86,1
3900,10,10,0,329,0
3901,999,0,0,0,1
3902,2,22,9,7921,0
3903,2,6,0,153,0
3904,43,7,0,204,1
3905,999,0,0,0,1
3906,41,15,6,4016,1
3907,30,8,0,128,0
3908,62,5,0,95,1
3909,22,11,1,380,0
3910,25,19,5,4176,0
3911,7,7,0,150,0
3912,6,21,9,8651,0
3913,6,4,0,67,0
3914,6,11,0,325,0
3915,12,4,0,107,0
3916,118,7,0,128,1
3917,8,13,0,462,0
3918,2,8,0,230,0
3919,38,4,0,79,1
3920,21,3,0,52,0
3921,76,3,0,56,1
3922,145,3,0,35,1
3923,17,10,0,197,0
3924,10,6,0,111,0
3925,26,2,0,16,0
3926,4,3,1,54,0
3927,2,7,0,218,0
3928,11,5,1,140,0
3929,70,5,0,116,1
3930,60,2,0,13,1
3931,3,4,0,75,0
3932,27,11,0,350,0
3933,127,1,0,10,1
3934,3,21,5,4252,0
3935,4,8,1,254,0
3936,6,8,0,144,0
3937,10,5,0,84,0
3938,2,4,0,113,0
3939,46,9,0,251,1
3940,104,3,0,46,1
3941,2,2,0,16,0
3942,999,0,0,0,1
3943,141,2,0,37,1
3944,1,10,1,273,0
3945,30,9,1,218,0
3946,14,5,0,73,0
3947,79,7,0,112,1
3948,22,4,0,80,0
3949,1,3,0,26,0
3950,131,5,0,78,1
3951,2,8,0,224,0
3952,10,2,0,18,0
3953,2,24,1,1031,0
3954,110,2,0,32,1
3955,53,2,0,61,1
3956,13,17,7,5941,0
3957,56,10,1,201,1
3958,12,9,0,229,0
3959,3,21,12,10950,0
3960,198,3,0,55,1
3961,5,2,0,27,0
3962,16,7,0,88,0
3963,35,2,0,21,1
3964,66,2,0,17,1
3965,6,3,0,15,0
3966,8,22,7,5667,0
3967,4,16,3,1990,0
3968,39,2,0,19,1
3969,3,21,6,6419,0
3970,11,16,1,528,0
3971,6,23,9,9479,0
3972,28,11,0,369,0
3973,4,8,0,151,0
3974,5,13,1,467,0
3975,94,4,0,67,1
3976,22,5,0,92,0
3977,24,1,0,5,0
3978,999,0,0,0,1
3979,10,2,0,11,0
3980,4,11,0,350,0
3981,999,0,0,0,1
3982,4,4,0,28,0
3983,1,1,0,7,0
3984,17,4,0,74,0
3985,7,3,0,46,0
3986,1,5,0,74,0
3987,125,2,0,54,1
3988,22,6,0,102,0
3989,19,13,0,338,0
3990,1,9,0,314,0
3991,5,1,0,22,0
3992,2,9,0,334,0
3993,103,1,0,7,1
3994,1,23,9,9377,0
3995,34,2,0,15,1
3996,49,2,0,33,1
3997,16,5,0,60,0
3998,105,1,0,19,1
3999,33,5,0,102,1
4000,10,14,2,677,0
4001,9,4,0,64,0
4002,13,3,0,20,0
4003,211,1,0,28,1
4004,18,11,1,339,0
4005,19,6,0,114,0
4006,39,2,0,27,1
4007,3,8,0,185,0
4008,999,0,0,0,1
4009,11,2,0,51,0
4010,49,5,0,77,1
4011,11,4,0,113,0
4012,61,1,0,7,1
4013,10,11,1,240,0
4014,1,5,0,94,0
4015,9,14,0,465,0
4016,22,2,0,34,0
4017,24,7,0,179,0
4018,9,3,0,31,0
4019,3,17,6,5064,0
4020,13,11,0,274,0
4021,41,4,0,109,1
4022,12,1,0,24,0
4023,3,8,0,149,0
4024,13,6,0,103,0
4025,30,5,0,124,0
4026,3,22,11,11879,0
4027,999,0,0,0,1
4028,4,24,7,6870,0
4029,10,18,8,5997,0
4030,10,19,5,4485,0
4031,11,5,0,82,0
4032,11,9,0,189,0
4033,19,9,0,250,0
4034,17,4,0,85,0
4035,12,5,0,58,0
4036,32,6,0,80,1
4037,17,4,0,87,0
4038,1,9,0,170,0
4039,15,3,0,35,0
4040,5,6,0,100,0
4041,37,3,0,47,1
4042,999,0,0,0,1
4043,999,0,0,0,1
4044,26,6,0,93,0
4045,43,2,0,20,1
4046,20,5,0,111,0
4047,49,6,1,181,1
4048,1,21,5,5725,0
4049,3,5,0,81,0
4050,114,1,0,3,1
4051,141,1,0,31,1
4052,10,7,0,134,0
4053,11,4,0,74,0
4054,5,5,0,108,0
4055,7,13,5,3053,0
4056,18,6,0,99,0
4057,12,6,0,134,0
4058,11,4,0,118,0
4059,29,5,0,85,0
4060,16,2,0,14,0
4061,73,4,0,119,1
4062,1,6,0,118,0
4063,94,3,0,22,1
4064,4,17,8,5180,0
4065,8,4,0,70,0
4066,24,1,0,4,0
4067,2,8,0,141,0
4068,4,9,0,225,0
4069,2,4,0,76,0
4070,47,18,2,1628,1
4071,22,2,0,25,0
4072,2,12,0,379,0
4073,10,2,0,13,0
4074,29,4,0,34,0
4075,16,4,0,66,0
4076,63,2,0,26,1
4077,1,6,0,171,0
4078,16,2,0,18,0
4079,138,2,0,29,1
4080,5,11,0,181,0
4081,13,8,1,201,0
4082,7,5,0,121,0
4083,4,3,0,54,0
4084,28,5,0,87,0
4085,1,28,9,11183,0
4086,5,6,0,189,0
4087,70,1,0,15,1
4088,7,6,1,147,0
4089,3,22,5,5166,0
4090,4,12,0,372,0
4091,4,15,2,931,0
4092,69,6,0,114,1
4093,49,5,0,116,1
4094,999,0,0,0,1
4095,230,3,0,42,1
4096,19,10,0,267,0
4097,70,2,0,45,1
4098,4,19,7,6015,0
4099,5,3,0,45,0
4100,226,3,0,45,1
4101,12,2,0,45,0
4102,6,10,0,173,0
4103,19,3,0,68,0
4104,19,20,9,7655,0
4105,4,13,0,339,0
4106,4,10,0,270,0
4107,999,0,0,0,1
4108,108,2,0,21,1
4109,11,4,0,26,0
4110,88,1,0,7,1
4111,20,3,0,21,0
4112,125,3,0,20,1
4113,22,2,0,16,0
4114,20,5,0,154,0
4115,9,9,0,306,0
4116,27,7,0,175,0
4117,101,4,0,24,1
4118,61,4,0,70,1
4119,27,3,0,43,0
4120,3,4,0,35,0
4121,3,15,0,301,0
4122,4,3,0,80,0
4123,1,16,0,513,0
4124,31,4,0,39,1
4125,7,21,8,7546,0
4126,1,7,0,133,0
4127,90,1,0,5,1
4128,13,7,0,83,0
4129,999,0,0,0,1
4130,4,19,6,4520,0
4131,36,11,1,298,1
4132,20,3,0,33,0
4133,5,4,0,41,0
4134,9,14,0,333,0
4135,52,3,0,70,1
4136,15,7,0,181,0
4137,12,21,12,10641,0
4138,14,23,7,6766,0
4139,24,4,0,82,0
4140,12,8,0,242,0
4141,61,2,0,25,1
4142,8,3,0,35,0
4143,21,5,0,49,0
4144,89,3,0,50,1
4145,39,5,0,187,1
4146,18,6,0,101,0
4147,58,4,0,57,1
4148,109,2,0,23,1
4149,68,1,0,24,1
4150,5,2,0,20,0
4151,5,3,0,34,0
4152,999,0,0,0,1
4153,5,15,0,372,0
4154,4,4,0,24,0
4155,29,5,0,107,0
4156,13,8,0,137,0
4157,92,3,0,34,1
4158,8,2,0,34,0
4159,69,6,0,83,1
4160,36,1,0,8,1
4161,22,5,0,81,0
4162,11,4,0,76,0
4163,999,0,0,0,1
4164,14,1,0,24,0
4165,2,4,0,80,0
4166,40,7,0,146,1
4167,5,8,0,219,0
4168,33,2,0,17,1
4169,0,19,7,6948,0
4170,60,1,0,6,1
4171,3,5,0,115,0
4172,2,3,0,38,0
4173,114,1,0,7,1
4174,15,13,1,336,0
4175,20,21,10,8820,0
4176,20,2,0,34,0
4177,2,5,0,56,0
4178,27,6,0,165,0
4179,86,5,0,154,1
4180,5,20,2,1007,0
4181,9,4,0,111,0
4182,7,8,0,131,0
4183,999,0,0,0,1
4184,43,5,0,72,1
4185,14,9,0,324,0
4186,8,3,0,45,0
4187,31,6,0,142,1
4188,142,2,0,24,1
4189,21,24,10,11706,0
4190,7,20,2,1122,0
4191,2,6,0,108,0
4192,173,2,0,19,1
4193,33,3,0,40,1
4194,1,29,9,11929,0
4195,36,7,0,233,1
4196,62,4,0,48,1
4197,30,5,0,104,0
4198,10,23,9,9112,0
4199,999,0,0,0,1
4200,9,8,0,246,0
4201,999,0,0,0,1
4202,33,4,0,57,1
4203,63,5,0,97,1
4204,8,5,0,74,0
4205,65,1,0,7,1
4206,29,13,4,2597,0
4207,21,10,0,292,0
4208,6,8,0,155,0
4209,12,17,0,452,0
4210,10,7,0,115,0
4211,18,3,0,56,0
4212,13,5,0,37,0
4213,19,3,0,56,0
4214,3,7,0,157,0
4215,242,1,0,7,1
4216,87,2,0,21,1
4217,277,1,0,21,1
4218,17,9,0,162,0
4219,10,2,0,16,0
4220,8,4,0,83,0
4221,49,1,0,6,1
4222,25,19,6,4833,0
4223,29,2,0,37,0
4224,16,7,0,174,0
4225,28,4,0,81,0
4226,287,1,0,19,1
4227,285,1,0,9,1
4228,15,1,0,3,0
4229,42,1,0,23,1
4230,25,3,0,48,0
4231,80,1,0,7,1
4232,30,5,0,112,0
4233,18,4,0,64,0
4234,6,17,4,2884,0
4235,89,11,1,295,1
4236,6,2,0,36,0
4237,85,2,0,12,1
4238,22,7,0,109,0
4239,3,8,1,246,0
4240,9,6,0,95,0
4241,51,2,0,32,1
4242,49,1,0,10,1
4243,78,2,0,39,1
4244,12,6,0,104,0
4245,999,0,0,0,1
4246,999,0,0,0,1
4247,6,2,0,19,0
4248,3,21,7,6097,0
4249,2,6,0,92,0
4250,9,18,5,3928,0
4251,999,0,0,0,1
4252,6,5,0,80,0
4253,4,3,0,101,0
4254,56,4,0,32,1
4255,14,4,0,95,0
4256,20,5,0,84,0
4257,10,2,0,24,0
4258,1,4,0,113,0
4259,6,3,0,60,0
4260,10,16,0,436,0
4261,2,21,1,658,0
4262,6,23,8,7802,0
4263,67,3,0,58,1
4264,2,25,8,7874,0
4265,16,12,2,751,0
4266,52,6,0,91,1
4267,37,3,0,47,1
4268,23,7,0,193,0
4269,27,15,0,416,0
4270,1,10,0,276,0
4271,10,6,0,165,0
4272,2,14,6,3688,0
4273,1,8,0,243,0
4274,181,1,0,4,1
4275,999,0,0,0,1
4276,20,4,0,84,0
4277,4,10,0,347,0
4278,14,9,0,176,0
4279,60,3,0,33,1
4280,3,26,7,7981,0
4281,48,2,0,49,1
4282,49,2,0,19,1
4283,11,13,0,336,0
4284,15,5,0,156,0
4285,69,4,0,91,1
4286,9,6,0,79,0
4287,62,4,0,58,1
4288,104,2,0,35,1
4289,33,1,0,14,1
4290,64,4,0,56,1
4291,16,3,0,20,0
4292,111,1,0,6,1
4293,43,3,0,48,1
4294,20,4,0,80,0
4295,144,1,0,12,1
4296,116,1,0,21,1
4297,7,8,0,172,0
4298,205,2,0,18,1
4299,5,2,0,38,0
4300,2,15,7,4358,0
4301,43,2,0,11,1
4302,6,5,0,83,0
4303,45,5,0,100,1
4304,62,4,0,70,1
4305,263,1,0,24,1
4306,1,21,1,892,0
4307,3,4,0,72,0
4308,2,5,0,106,0
4309,24,2,0,22,0
4310,18,4,0,76,0
4311,5,6,0,50,0
4312,28,5,0,160,0
4313,7,21,9,8539,0
4314,7,3,0,39,0
4315,4,3,0,29,0
4316,75,9,0,147,1
4317,20,2,0,23,0
4318,12,4,0,91,0
4319,48,1,0,10,1
4320,2,18,10,8185,0
4321,26,5,0,85,0
4322,26,11,0,266,0
4323,141,1,0,6,1
4324,209,1,0,11,1
4325,30,1,0,12,0
4326,110,3,0,64,1
4327,122,2,0,32,1
4328,123,1,0,5,1
4329,16,6,0,142,0
4330,12,8,0,118,0
4331,99,4,0,98,1
4332,156,2,0,25,1
4333,6,14,8,5526,0
4334,10,32,10,12660,0
4335,7,2,0,15,0
4336,251,1,0,10,1
4337,19,17,2,1540,0
4338,46,6,0,92,1
4339,2,3,0,42,0
4340,40,5,0,84,1
4341,5,6,0,112,0
4342,2,8,1,161,0
4343,8,4,0,77,0
4344,20,9,0,254,0
4345,999,0,0,0,1
4346,61,10,0,207,1
4347,46,3,0,61,1
4348,10,11,1,365,0
4349,86,1,0,10,1
4350,125,1,0,16,1
4351,2,15,0,454,0
4352,3,23,7,7447,0
4353,22,7,0,185,0
4354,2,6,0,123,0
4355,98,1,0,24,1
4356,100,1,0,4,1
4357,11,12,2,667,0
4358,999,0,0,0,1
4359,5,8,0,223,0
4360,2,26,4,4712,0
4361,6,4,0,33,0
4362,31,2,0,20,1
4363,3,28,11,14571,0
4364,6,5,0,45,0
4365,31,9,0,174,1
4366,6,8,0,243,0
4367,20,6,0,140,0
4368,2,7,0,195,0
4369,8,12,1,303,0
4370,7,7,0,140,0
4371,1,7,0,175,0
4372,25,5,0,99,0
4373,186,2,0,18,1
4374,6,13,10,7125,0
4375,6,7,1,261,0
4376,105,1,0,18,1
4377,26,12,0,391,0
4378,13,7,0,103,0
4379,17,2,0,22,0
4380,9,4,0,72,0
4381,202,1,0,11,1
4382,5,8,0,153,0
4383,73,2,0,80,1
4384,23,1,0,9,0
4385,6,7,0,215,0
4386,4,10,0,297,0
4387,49,1,0,4,1
4388,28,6,0,183,0
4389,268,1,0,12,1
4390,52,9,0,189,1
4391,20,3,0,33,0
4392,20,13,4,2950,0
4393,2,4,0,33,0
4394,2,9,0,262,0
4395,171,3,0,35,1
4396,103,1,0,10,1
4397,9,5,0,74,0
4398,15,9,0,267,0
4399,41,3,0,28,1
4400,81,1,0,9,1
4401,56,5,0,145,1
4402,34,17,0,624,1
4403,9,12,1,373,0
4404,4,5,0,106,0
4405,13,8,0,209,0
4406,5,10,1,275,0
4407,103,1,0,6,1
4408,999,0,0,0,1
4409,41,4,0,36,1
4410,21,9,2,513,0
4411,8,4,0,54,0
4412,58,1,0,9,1
4413,999,0,0,0,1
4414,22,1,0,5,0
4415,8,2,0,18,0
4416,22,2,0,26,0
4417,17,6,0,112,0
4418,10,6,0,120,0
4419,8,5,0,94,0
4420,82,6,0,87,1
4421,30,1,0,15,0
4422,31,3,0,41,1
4423,3,1,0,7,0
4424,7,8,0,110,0
4425,2,16,0,389,0
4426,6,16,1,447,0
4427,151,2,0,68,1
4428,2,4,0,56,0
4429,1,5,0,94,0
4430,20,7,0,198,0
4431,49,4,0,44,1
4432,8,13,0,434,0
4433,38,5,0,110,1
4434,6,22,10,9125,0
4435,40,1,0,14,1
4436,37,20,11,10849,1
4437,3,8,0,177,0
4438,4,7,0,162,0
4439,6,3,0,27,0
4440,46,4,0,78,1
4441,38,5,0,64,1
4442,13,11,0,305,0
4443,7,2,0,54,0
4444,10,7,0,122,0
4445,4,8,0,148,0
4446,50,8,0,174,1
4447,19,5,0,160,0
4448,7,16,16,11994,0
4449,4,20,8,7485,0
4450,31,3,0,55,1
4451,29,3,0,22,0
4452,21,3,0,22,0
4453,82,3,0,24,1
4454,29,11,0,314,0
4455,91,6,0,183,1
4456,17,2,0,46,0
4457,2,20,6,4943,0
4458,11,4,0,56,0
4459,6,9,0,322,0
4460,2,19,0,501,0
4461,91,1,0,15,1
4462,34,10,0,390,1
4463,17,1,0,6,0
4464,3,8,0,152,0
4465,35,8,0,214,1
4466,2,14,0,389,0
4467,7,5,0,79,0
4468,27,2,0,26,0
4469,14,17,2,1088,0
4470,2,12,0,317,0
4471,85,4,0,74,1
4472,12,8,0,133,0
4473,20,3,0,33,0
4474,999,0,0,0,1
4475,2,2,0,31,0
4476,48,8,0,128,1
4477,99,1,0,12,1
4478,999,0,0,0,1
4479,44,9,1,268,1
4480,3,20,8,7122,0
4481,2,3,0,21,0
4482,999,0,0,0,1
4483,9,2,0,22,0
4484,27,4,0,69,0
4485,19,8,0,140,0
4486,13,23,6,6665,0
4487,3,7,0,109,0
4488,47,9,0,152,1
4489,9,6,1,110,0
4490,185,1,0,6,1
4491,15,17,3,2388,0
4492,15,4,0,90,0
4493,58,2,0,23,1
4494,999,0,0,0,1
4495,7,2,0,25,0
4496,5,9,0,291,0
4497,4,9,0,287,0
4498,62,3,0,28,1
4499,6,1,0,14,0
4500,21,8,0,139,0
4501,145,6,0,158,1
4502,40,1,0,18,1
4503,35,5,0,91,1
4504,5,8,0,255,0
4505,9,8,0,165,0
4506,18,2,0,30,0
4507,2,14,2,647,0
4508,19,13,11,5891,0
4509,146,1,0,6,1
4510,17,13,1,325,0
4511,37,2,0,11,1
4512,3,6,0,100,0
4513,114,2,0,12,1
4514,3,3,0,24,0
4515,226,1,0,3,1
4516,22,5,0,52,0
4517,2,31,8,9879,0
4518,41,2,0,26,1
4519,31,7,0,146,1
4520,3,8,0,198,0
4521,4,6,0,119,0
4522,194,2,0,16,1
4523,31,2,0,33,1
4524,7,3,0,62,0
4525,28,1,0,9,0
4526,172,2,0,37,1
4527,12,4,0,75,0
4528,13,5,0,86,0
4529,16,11,0,301,0
4530,15,18,10,7598,0
4531,55,1,0,22,1
4532,85,7,1,182,1
4533,7,29,18,21818,0
4534,55,3,0,18,1
4535,103,2,0,26,1
4536,9,3,0,35,0
4537,19,5,0,88,0
4538,2,5,0,46,0
4539,44,1,0,14,1
4540,80,1,0,11,1
4541,40,4,0,48,1
4542,4,3,0,42,0
4543,22,11,0,319,0
4544,265,1,0,15,1
4545,5,10,0,174,0
4546,10,1,0,8,0
4547,30,6,0,102,0
4548,20,2,0,29,0
4549,10,11,0,387,0
4550,10,10,0,242,0
4551,19,3,0,68,0
4552,75,5,0,119,1
4553,2,7,0,123,0
4554,4,4,0,35,0
4555,13,9,0,163,0
4556,25,6,0,82,0
4557,27,15,6,4256,0
4558,12,14,0,428,0
4559,1,22,10,10673,0
4560,40,3,0,19,1
4561,10,12,0,272,0
4562,2,15,0,394,0
4563,7,27,11,13318,0
4564,31,14,0,501,1
4565,37,3,0,83,1
4566,13,1,0,23,0
4567,9,3,0,62,0
4568,20,5,0,133,0
4569,18,4,0,96,0
4570,19,8,0,174,0
4571,152,4,0,86,1
4572,109,5,1,177,1
4573,18,7,0,161,0
4574,3,8,0,141,0
4575,999,0,0,0,1
4576,60,6,0,129,1
4577,181,1,0,24,1
4578,126,9,0,154,1
4579,174,1,0,23,1
4580,96,3,0,77,1
4581,2,1,0,11,0
4582,3,14,1,331,0
4583,63,3,0,27,1
4584,5,9,0,197,0
4585,6,10,0,214,0
4586,5,3,0,41,0
4587,999,0,0,0,1
4588,49,3,0,43,1
4589,4,6,1,236,0
4590,16,5,0,69,0
4591,999,0,0,0,1
4592,1,11,0,307,0
4593,5,10,1,290,0
4594,3,2,0,15,0
4595,13,5,0,101,0
4596,28,5,0,84,0
4597,5,6,0,82,0
4598,82,1,0,12,1
4599,5,33,14,18771,0
4600,26,5,0,56,0
4601,6,4,0,56,0
4602,16,12,0,262,0
4603,4,3,0,56,0
4604,32,2,0,11,1
4605,53,2,0,24,1
4606,999,0,0,0,1
4607,27,3,0,24,0
4608,25,2,0,14,0
4609,46,13,1,378,1
4610,16,4,0,60,0
4611,35,1,0,3,1
4612,1,12,0,394,0
4613,29,6,0,130,0
4614,46,3,0,57,1
4615,9,8,0,187,0
4616,3,5,1,116,0
4617,20,5,0,91,0
4618,999,0,0,0,1
4619,42,2,0,21,1
4620,201,5,0,113,1
4621,27,3,0,31,0
4622,75,3,0,35,1
4623,999,0,0,0,1
4624,24,5,0,44,0
4625,47,11,0,339,1
4626,19,2,0,16,0
4627,2,20,14,11378,0
4628,64,2,0,32,1
4629,2,16,0,437,0
4630,7,7,1,194,0
4631,20,5,0,89,0
4632,59,1,0,5,1
4633,69,1,0,7,1
4634,5,6,1,255,0
4635,110,7,0,118,1
4636,26,5,0,52,0
4637,19,15,0,461,0
4638,27,3,0,49,0
4639,1,12,0,386,0
4640,14,18,3,2927,0
4641,5,4,0,59,0
4642,999,0,0,0,1
4643,5,7,0,118,0
4644,1,6,0,149,0
4645,38,3,0,58,1
4646,999,0,0,0,1
4647,79,2,0,12,1
4648,15,18,10,10016,0
4649,127,1,0,14,1
4650,6,12,0,334,0
4651,17,8,0,137,0
4652,91,1,0,7,1
4653,8,4,0,34,0
4654,23,2,0,33,0
4655,7,15,1,476,0
4656,44,11,0,471,1
4657,43,3,0,53,1
4658,44,2,0,26,1
4659,8,5,0,103,0
4660,5,5,0,63,0
4661,6,3,0,23,0
4662,5,10,1,308,0
4663,37,2,0,23,1
4664,25,5,0,85,0
4665,13,15,1,427,0
4666,12,4,0,89,0
4667,17,15,9,6198,0
4668,10,5,0,74,0
4669,50,9,3,819,1
4670,21,2,0,26,0
4671,19,2,0,28,0
4672,24,2,0,21,0
4673,6,3,0,29,0
4674,73,2,0,18,1
4675,3,18,6,5002,0
4676,8,15,2,1369,0
4677,12,6,0,146,0
4678,85,3,0,39,1
4679,44,2,0,20,1
4680,2,4,0,67,0
4681,25,6,0,141,0
4682,30,9,0,185,0
4683,999,0,0,0,1
4684,9,5,0,113,0
4685,6,6,0,109,0
4686,6,3,0,24,0
4687,68,1,0,10,1
4688,7,5,0,65,0
4689,172,3,0,20,1
4690,202,2,0,21,1
4691,28,1,0,6,0
4692,223,1,0,6,1
4693,100,9,0,301,1
4694,35,6,0,187,1
4695,19,5,1,183,0
4696,89,4,0,51,1
4697,999,0,0,0,1
4698,41,2,0,18,1
4699,999,0,0,0,1
4700,1,23,5,5239,0
4701,11,6,0,139,0
4702,22,3,0,40,0
4703,40,5,0,112,1
4704,181,1,0,4,1
4705,4,12,1,255,0
4706,97,4,0,37,1
4707,2,2,0,40,0
4708,39,5,0,87,1
4709,52,6,0,122,1
4710,1,8,0,224,0
4711,49,2,0,25,1
4712,49,6,0,149,1
4713,26,2,0,34,0
4714,37,10,0,277,1
4715,5,9,0,273,0
4716,5,3,0,40,0
4717,48,3,0,67,1
4718,4,11,0,310,0
4719,104,4,0,53,1
4720,20,2,0,39,0
4721,5,4,0,25,0
4722,57,5,0,66,1
4723,4,25,13,13469,0
4724,61,2,0,12,1
4725,45,4,0,57,1
4726,13,18,10,8043,0
4727,104,6,1,171,1
4728,12,11,0,285,0
4729,3,20,6,5824,0
4730,130,1,0,5,1
4731,66,6,0,96,1
4732,999,0,0,0,1
4733,7,8,2,397,0
4734,5,16,6,3617,0
4735,2,1,0,7,0
4736,23,5,0,112,0
4737,21,2,0,17,0
4738,8,5,0,95,0
4739,14,1,0,13,0
4740,4,2,0,18,0
4741,42,2,0,25,1
4742,1,4,0,81,0
4743,5,1,0,24,0
4744,16,3,0,24,0
4745,45,2,0,24,1
4746,2,19,7,5427,0
4747,12,16,0,497,0
4748,70,3,0,45,1
4749,31,19,8,6735,1
4750,233,4,0,31,1
4751,6,8,0,184,0
4752,54,1,0,40,1
4753,16,3,0,95,0
4754,11,18,9,6584,0
4755,13,11,0,428,0
4756,180,1,0,9,1
4757,34,2,0,13,1
4758,17,7,0,134,0
4759,27,1,0,7,0
4760,6,15,0,444,0
4761,15,4,0,46,0
4762,5,18,0,593,0
4763,6,6,0,116,0
4764,39,9,0,177,1
4765,2,11,2,702,0
4766,28,17,4,3116,0
4767,97,2,0,26,1
4768,74,5,0,97,1
4769,4,20,7,5684,0
4770,32,7,0,149,1
4771,14,21,8,7108,0
4772,9,21,9,8727,0
4773,22,3,0,50,0
4774,7,6,0,119,0
4775,10,7,0,131,0
4776,190,2,0,27,1
4777,10,10,0,291,0
4778,50,2,0,30,1
4779,13,6,0,121,0
4780,4,21,8,7268,0
4781,25,19,6,5661,0
4782,13,12,1,318,0
4783,3,4,0,43,0
4784,35,5,0,138,1
4785,22,4,0,73,0
4786,12,14,6,4269,0
4787,1,3,0,51,0
4788,19,6,0,159,0
4789,18,1,0,7,0
4790,106,2,0,29,1
4791,165,4,0,97,1
4792,110,10,2,627,1
4793,11,3,0,81,0
4794,12,11,1,306,0
4795,37,2,0,36,1
4796,13,6,0,143,0
4797,15,23,6,6152,0
4798,4,23,4,4032,0
4799,134,5,1,158,1
4800,5,20,0,584,0
4801,70,1,0,11,1
4802,5,7,0,185,0
4803,3,5,0,83,0
4804,45,8,0,161,1
4805,61,17,7,5150,1
4806,56,3,0,40,1
4807,102,1,0,8,1
4808,15,5,0,93,0
4809,22,2,0,17,0
4810,9,12,0,350,0
4811,3,12,1,326,0
4812,32,10,0,319,1
4813,999,0,0,0,1
4814,18,3,0,24,0
4815,85,1,0,12,1
4816,14,19,9,8804,0
4817,999,0,0,0,1
4818,6,2,0,14,0
4819,24,13,0,404,0
4820,90,2,0,14,1
4821,1,23,4,3748,0
4822,84,5,0,73,1
4823,4,3,0,49,0
4824,999,0,0,0,1
4825,174,1,0,7,1
4826,18,23,9,8886,0
4827,999,0,0,0,1
4828,151,3,0,38,1
4829,55,2,0,8,1
4830,47,2,0,14,1
4831,24,7,0,89,0
4832,31,7,0,160,1
4833,7,6,1,202,0
4834,12,4,0,90,0
4835,16,9,0,281,0
4836,2,6,0,108,0
4837,35,6,0,110,1
4838,5,9,0,204,0
4839,23,2,0,18,0
4840,2,8,2,592,0
4841,7,1,0,15,0
4842,2,1,0,12,0
4843,58,3,0,41,1
4844,47,2,0,32,1
4845,19,3,0,45,0
4846,5,8,0,263,0
4847,9,12,1,338,0
4848,13,15,0,473,0
4849,14,8,0,156,0
4850,62,2,0,29,1
4851,28,8,0,333,0
4852,58,3,0,38,1
4853,83,2,0,30,1
4854,31,5,0,73,1
4855,999,0,0,0,1
4856,13,3,0,73,0
4857,11,5,0,86,0
4858,1,1,0,4,0
4859,12,9,0,255,0
4860,2,6,0,89,0
4861,40,9,0,138,1
4862,11,1,0,10,0
4863,88,2,0,22,1
4864,20,8,0,162,0
4865,14,7,0,131,0
4866,15,2,0,30,0
4867,5,10,1,218,0
4868,30,5,0,85,0
4869,28,2,0,27,0
4870,6,5,0,81,0
4871,69,2,0,34,1
4872,27,2,0,32,0
4873,8,17,9,7383,0
4874,20,4,0,84,0
4875,2,6,0,121,0
4876,30,4,0,87,0
4877,75,9,1,327,1
4878,3,21,6,5400,0
4879,76,5,0,156,1
4880,38,3,0,22,1
4881,158,1,0,17,1
4882,136,3,0,19,1
4883,101,1,0,6,1
4884,15,18,2,1502,0
4885,4,5,0,97,0
4886,44,11,0,328,1
4887,5,10,3,1249,0
4888,1,7,0,104,0
4889,63,6,0,86,1
4890,1,11,0,213,0
4891,91,9,1,273,1
4892,3,6,0,69,0
4893,22,14,0,497,0
4894,3,5,0,74,0
4895,125,2,0,11,1
4896,56,6,0,75,1
4897,52,4,0,90,1
4898,35,4,0,65,1
4899,3,13,0,321,0
4900,16,8,0,170,0
4901,6,5,0,115,0
4902,18,6,0,197,0
4903,48,4,0,79,1
4904,22,9,3,1046,0
4905,11,3,0,62,0
4906,215,3,0,64,1
4907,999,0,0,0,1
4908,24,3,0,22,0
4909,177,1,0,16,1
4910,8,2,0,22,0
4911,102,2,0,40,1
4912,69,4,0,91,1
4913,12,4,0,105,0
4914,208,1,0,7,1
4915,4,3,0,48,0
4916,5,1,0,14,0
4917,12,3,0,33,0
4918,7,2,0,16,0
4919,5,3,0,32,0
4920,4,26,12,14345,0
4921,43,3,0,22,1
4922,3,4,0,69,0
4923,999,0,0,0,1
4924,3,10,1,324,0
4925,5,2,0,33,0
4926,13,2,0,17,0
4927,6,8,0,114,0
4928,4,2,0,17,0
4929,13,2,0,39,0
4930,47,2,0,26,1
4931,2,2,0,13,0
4932,13,2,0,17,0
4933,9,4,0,66,0
4934,21,8,0,149,0
4935,42,3,0,24,1
4936,55,1,0,7,1
4937,54,2,0,22,1
4938,214,1,0,10,1
4939,168,3,0,45,1
4940,33,4,0,62,1
4941,14,12,0,303,0
4942,7,13,1,388,0
4943,182,4,0,49,1
4944,5,7,0,111,0
4945,32,3,0,35,1
4946,23,2,0,14,0
4947,35,1,0,10,1
4948,17,2,0,35,0
4949,39,1,0,9,1
4950,3,7,0,116,0
4951,72,2,0,27,1
4952,4,4,0,62,0
4953,30,11,0,333,0
4954,14,7,0,202,0
4955,196,1,0,14,1
4956,119,6,0,174,1
4957,21,3,0,31,0
4958,52,4,0,49,1
4959,51,4,0,91,1
4960,999,0,0,0,1
4961,8,6,0,116,0
4962,12,6,0,158,0
4963,9,5,0,100,0
4964,58,4,0,44,1
4965,61,1,0,13,1
4966,37,2,0,24,1
4967,51,2,0,11,1
4968,82,1,0,40,1
4969,38,1,0,9,1
4970,3,27,12,16328,0
4971,194,1,0,13,1
4972,7,4,0,44,0
4973,4,2,0,53,0
4974,71,1,0,24,1
4975,2,1,0,11,0
4976,69,2,0,35,1
4977,6,9,0,311,0
4978,49,6,0,121,1
4979,42,1,0,6,1
4980,85,3,0,57,1
4981,86,2,0,24,1
4982,13,11,0,281,0
4983,47,7,0,184,1
4984,12,10,1,316,0
4985,240,1,0,14,1
4986,70,4,0,69,1
4987,82,2,0,31,1
4988,8,32,5,6605,0
4989,54,1,0,6,1
4990,2,7,0,134,0
4991,5,14,3,1577,0
4992,7,5,0,104,0
4993,88,2,0,39,1
4994,18,4,0,35,0
4995,8,20,12,10053,0
4996,999,0,0,0,1
4997,8,10,1,291,0
4998,28,2,0,30,0
4999,5,9,2,523,0
5000,29,3,0,45,0
5001,20,7,0,110,0
5002,34,8,0,233,1
5003,82,4,0,46,1
5004,8,4,0,55,0
5005,124,2,0,31,1
5006,1,5,0,81,0
5007,27,7,0,123,0
5008,200,1,0,10,1
5009,1,2,0,32,0
5010,73,1,0,4,1
5011,12,6,0,126,0
5012,33,2,0,27,1
5013,8,7,0,193,0
5014,35,3,0,50,1
5015,56,4,0,38,1
5016,3,4,0,74,0
5017,54,6,0,134,1
5018,190,1,0,7,1
5019,10,13,0,420,0
5020,33,6,0,137,1
5021,277,1,0,10,1
5022,27,11,1,334,0
5023,63,2,0,18,1
5024,999,0,0,0,1
5025,15,11,1,217,0
5026,2,18,7,4657,0
5027,4,5,0,56,0
5028,21,10,1,309,0
5029,4,21,7,5513,0
5030,999,0,0,0,1
5031,92,3,0,40,1
5032,9,26,11,12402,0
5033,6,5,1,93,0
5034,6,5,0,105,0
5035,77,3,0,94,1
5036,27,9,0,208,0
5037,41,4,0,44,1
5038,1,3,0,46,0
5039,2,9,1,225,0
5040,2,19,11,9288,0
5041,44,3,0,84,1
5042,16,4,0,83,0
5043,68,1,0,25,1
5044,90,2,0,13,1
5045,3,8,0,156,0
5046,35,12,0,279,1
5047,37,2,0,10,1
5048,999,0,0,0,1
5049,6,3,0,45,0
5050,135,1,0,24,1
5051,20,11,1,408,0
5052,57,3,0,53,1
5053,5,4,0,31,0
5054,33,5,0,125,1
5055,62,1,0,6,1
5056,11,18,7,5568,0
5057,57,5,0,80,1
5058,139,1,0,23,1
5059,13,6,0,148,0
5060,5,3,0,71,0
5061,16,3,0,74,0
5062,3,1,0,9,0
5063,55,3,0,28,1
5064,2,5,0,119,0
5065,1,2,0,24,0
5066,2,5,0,82,0
5067,23,3,0,82,0
5068,42,4,0,78,1
5069,63,9,0,205,1
5070,33,2,0,13,1
5071,9,9,0,183,0
5072,8,8,0,132,0
5073,19,17,9,6956,0
5074,34,22,3,3469,1
5075,15,2,0,39,0
5076,7,9,0,156,0
5077,17,4,0,73,0
5078,6,8,0,120,0
5079,2,12,1,352,0
5080,8,7,0,127,0
5081,55,3,0,72,1
5082,44,7,0,132,1
5083,62,2,0,21,1
5084,4,19,7,6986,0
5085,15,5,0,42,0
5086,2,27,7,7700,0
5087,53,4,0,125,1
5088,25,3,0,62,0
5089,10,8,0,202,0
5090,19,18,4,3235,0
5091,5,16,2,1511,0
5092,3,24,12,13549,0
5093,25,5,0,53,0
5094,13,6,0,116,0
5095,25,1,0,9,0
5096,16,5,0,179,0
5097,19,5,0,105,0
5098,52,2,0,22,1
5099,65,7,0,184,1
5100,13,4,0,65,0
5101,5,3,0,35,0
5102,2,4,0,83,0
5103,8,9,0,215,0
5104,7,1,0,24,0
5105,12,7,0,109,0
5106,45,2,0,13,1
5107,44,2,0,22,1
5108,55,4,0,73,1
5109,21,5,0,113,0
5110,18,3,0,24,0
5111,76,2,0,19,1
5112,3,18,6,5110,0
5113,29,8,0,167,0
5114,30,1,0,8,0
5115,6,9,0,301,0
5116,10,1,0,4,0
5117,75,3,0,24,1
5118,51,1,0,24,1
5119,56,11,0,284,1
5120,999,0,0,0,1
5121,15,3,0,24,0
5122,16,9,0,216,0
5123,54,2,0,40,1
5124,55,1,0,8,1
5125,97,1,0,4,1
5126,4,27,9,10544,0
5127,1,3,0,33,0
5128,177,3,1,75,1
5129,20,1,0,22,0
5130,999,0,0,0,1
5131,2,10,0,268,0
5132,52,3,0,45,1
5133,999,0,0,0,1
5134,6,5,0,61,0
5135,2,8,0,146,0
5136,8,21,10,8472,0
5137,4,21,8,6620,0
5138,83,5,0,92,1
5139,9,6,0,152,0
5140,3,10,0,202,0
5141,2,22,10,8737,0
5142,1,24,11,10849,0
5143,7,15,1,454,0
5144,21,6,0,67,0
5145,88,1,0,22,1
5146,36,3,0,29,1
5147,1,16,0,426,0
5148,31,5,0,96,1
5149,112,1,0,10,1
5150,31,10,0,197,1
5151,14,4,0,67,0
5152,166,2,0,21,1
5153,109,3,0,36,1
5154,26,16,7,5532,0
5155,99,1,0,14,1
5156,2,4,0,46,0
5157,10,3,0,64,0
5158,17,9,0,164,0
5159,999,0,0,0,1
5160,75,3,0,26,1
5161,11,1,0,13,0
5162,3,2,0,21,0
5163,999,0,0,0,1
5164,4,12,0,272,0
5165,32,8,0,198,1
5166,108,1,0,5,1
5167,13,1,0,5,0
5168,4,5,0,75,0
5169,1,6,0,113,0
5170,999,0,0,0,1
5171,17,9,0,128,0
5172,258,2,0,45,1
5173,12,23,9,9530,0
5174,2,11,0,164,0
5175,1,22,17,16967,0
5176,38,16,0,375,1
5177,2,10,0,317,0
5178,4,5,0,72,0
5179,32,8,0,180,1
5180,8,5,0,83,0
5181,5,10,1,319,0
5182,77,2,0,44,1
5183,9,2,0,25,0
5184,68,2,0,25,1
5185,999,0,0,0,1
5186,39,4,0,79,1
5187,19,10,0,258,0
5188,999,0,0,0,1
5189,12,2,0,15,0
5190,26,7,0,124,0
5191,95,2,0,28,1
5192,7,12,1,342,0
5193,265,1,0,16,1
5194,6,4,0,39,0
5195,45,5,0,108,1
5196,153,2,0,18,1
5197,6,2,0,27,0
5198,45,5,0,112,1
5199,39,3,0,36,1
5200,6,5,0,86,0
5201,53,3,0,67,1
5202,29,4,0,37,0
5203,13,3,0,31,0
5204,152,2,0,25,1
5205,27,16,7,4767,0
5206,32,11,0,360,1
5207,103,1,0,14,1
5208,7,4,0,96,0
5209,4,23,12,12621,0
5210,40,2,0,19,1
5211,5,3,0,88,0
5212,6,2,0,15,0
5213,133,1,0,24,1
5214,165,2,0,60,1
5215,36,2,0,58,1
5216,26,5,0,106,0
5217,13,10,0,192,0
5218,6,14,9,6164,0
5219,13,26,6,6585,0
5220,3,8,0,168,0
5221,38,5,0,136,1
5222,21,6,1,147,0
5223,1,4,0,68,0
5224,7,16,0,469,0
5225,19,25,8,8169,0
5226,5,5,0,75,0
5227,999,0,0,0,1
5228,3,2,0,28,0
5229,1,7,0,124,0
5230,3,6,0,222,0
5231,8,6,0,92,0
5232,150,3,0,66,1
5233,26,11,1,308,0
5234,103,5,0,136,1
5235,19,3,0,30,0
5236,36,4,0,41,1
5237,7,8,0,183,0
5238,32,5,0,52,1
5239,27,13,0,348,0
5240,13,4,0,51,0
5241,118,1,0,24,1
5242,3,2,0,49,0
5243,91,1,0,14,1
5244,44,5,0,164,1
5245,22,11,0,321,0
5246,9,3,0,59,0
5247,8,8,0,271,0
5248,13,12,1,332,0
5249,10,10,0,261,0
5250,999,0,0,0,1
5251,92,3,0,62,1
5252,36,5,0,106,1
5253,17,5,0,185,0
5254,20,5,0,116,0
5255,84,2,0,10,1
5256,12,9,0,279,0
5257,10,2,0,18,0
5258,5,7,1,93,0
5259,14,4,0,52,0
5260,9,9,0,192,0
5261,9,6,0,157,0
5262,3,2,0,17,0
5263,48,8,0,142,1
5264,42,2,0,26,1
5265,65,1,0,2,1
5266,10,25,7,8283,0
5267,71,1,0,5,1
5268,2,12,0,355,0
5269,39,1,0,15,1
5270,13,22,11,11641,0
5271,42,4,0,98,1
5272,3,1,0,24,0
5273,15,5,0,108,0
5274,171,3,0,47,1
5275,2,18,3,2150,0
5276,999,0,0,0,1
5277,126,3,0,59,1
5278,12,7,0,222,0
5279,7,4,0,42,0
5280,5,6,0,51,0
5281,8,12,0,319,0
5282,999,0,0,0,1
5283,38,1,0,5,1
5284,7,13,0,369,0
5285,999,0,0,0,1
5286,7,13,0,318,0
5287,26,11,0,284,0
5288,18,12,0,351,0
5289,13,2,0,37,0
5290,1,12,1,370,0
5291,24,4,0,33,0
5292,107,2,0,32,1
5293,2,9,0,221,0
5294,27,5,0,76,0
5295,35,7,0,109,1
5296,6,2,0,16,0
5297,14,6,0,73,0
5298,37,6,0,138,1
5299,999,0,0,0,1
5300,2,3,0,29,0
5301,2,2,0,33,0
5302,157,3,0,32,1
5303,58,1,0,6,1
5304,39,4,0,47,1
5305,51,1,0,36,1
5306,11,2,0,16,0
5307,7,8,0,175,0
5308,6,11,0,326,0
5309,999,0,0,0,1
5310,9,12,0,378,0
5311,28,2,0,15,0
5312,5,7,0,205,0
5313,6,9,2,532,0
5314,55,8,0,229,1
5315,2,3,0,42,0
5316,205,4,0,71,1
5317,7,8,0,246,0
5318,164,2,0,54,1
5319,36,3,0,30,1
5320,159,2,0,18,1
5321,146,1,0,6,1
5322,999,0,0,0,1
5323,82,1,0,14,1
5324,77,2,0,24,1
5325,32,3,0,17,1
5326,181,2,0,61,1
5327,1,19,7,5869,0
5328,21,2,0,20,0
5329,2,14,2,913,0
5330,79,1,0,13,1
5331,2,11,0,169,0
5332,120,1,0,22,1
5333,5,7,0,127,0
5334,23,7,0,142,0
5335,300,1,0,12,1
5336,131,2,0,19,1
5337,3,6,0,53,0
5338,2,11,0,267,0
5339,999,0,0,0,1
5340,1,29,9,12123,0
5341,4,3,0,80,0
5342,144,1,0,7,1
5343,104,4,0,48,1
5344,149,4,0,72,1
5345,4,32,12,15698,0
5346,7,8,0,108,0
5347,82,2,0,28,1
5348,15,1,0,3,0
5349,276,1,0,17,1
5350,7,9,0,145,0
5351,281,1,0,14,1
5352,999,0,0,0,1
5353,24,30,12,13889,0
5354,35,3,0,77,1
5355,10,5,0,73,0
5356,16,3,0,43,0
5357,16,4,0,107,0
5358,10,4,0,87,0
5359,3,24,7,7080,0
5360,3,6,0,137,0
5361,14,6,0,238,0
5362,6,2,0,22,0
5363,7,7,1,195,0
5364,13,16,4,2264,0
5365,168,2,0,15,1
5366,27,4,0,56,0
5367,2,13,0,336,0
5368,18,7,0,213,0
5369,2,25,12,13780,0
5370,48,8,0,145,1
5371,999,0,0,0,1
5372,12,9,2,408,0
5373,22,5,1,177,0
5374,52,8,0,176,1
5375,8,7,0,113,0
5376,999,0,0,0,1
5377,226,3,0,57,1
5378,21,5,0,83,0
5379,7,7,0,133,0
5380,44,2,0,32,1
5381,35,9,1,234,1
5382,28,1,0,8,0
5383,23,2,0,28,0
5384,2,11,1,289,0
5385,40,2,0,9,1
5386,279,1,0,22,1
5387,54,2,0,41,1
5388,5,7,0,115,0
5389,8,1,0,13,0
5390,22,6,0,163,0
5391,28,19,6,5214,0
5392,8,11,0,269,0
5393,1,9,0,179,0
5394,7,5,0,106,0
5395,28,9,0,249,0
5396,2,12,0,352,0
5397,999,0,0,0,1
5398,8,10,0,232,0
5399,63,1,0,19,1
5400,2,13,6,3384,0
5401,999,0,0,0,1
5402,999,0,0,0,1
5403,4,6,0,72,0
5404,10,6,0,241,0
5405,18,2,0,36,0
5406,11,9,1,258,0
5407,4,6,0,127,0
5408,33,18,5,3702,1
5409,2,8,1,241,0
5410,17,19,5,4602,0
5411,77,5,0,61,1
5412,7,22,9,8057,0
5413,13,1,0,7,0
5414,10,5,0,51,0
5415,77,2,0,10,1
5416,999,0,0,0,1
5417,13,6,0,92,0
5418,12,9,2,450,0
5419,5,10,1,284,0
5420,13,5,0,67,0
5421,4,6,1,220,0
5422,2,2,0,31,0
5423,5,3,0,51,0
5424,60,9,1,237,1
5425,194,2,0,29,1
5426,152,1,0,18,1
5427,4,3,0,38,0
5428,62,2,0,13,1
5429,13,7,0,105,0
5430,6,15,4,2753,0
5431,17,5,0,71,0
5432,38,1,0,14,1
5433,1,5,0,130,0
5434,111,2,0,30,1
5435,20,13,0,395,0
5436,7,21,6,6017,0
5437,17,6,0,196,0
5438,6,5,0,76,0
5439,15,2,0,17,0
5440,18,5,0,119,0
5441,2,22,5,4701,0
5442,18,4,0,50,0
5443,16,1,0,5,0
5444,146,3,0,36,1
5445,1,6,0,127,0
5446,2,18,2,1772,0
5447,10,13,0,441,0
5448,17,23,6,4810,0
5449,23,3,0,29,0
5450,19,8,0,167,0
5451,275,2,0,26,1
5452,13,10,0,164,0
5453,12,3,0,27,0
5454,14,4,0,83,0
5455,59,3,0,46,1
5456,1,15,3,1600,0
5457,183,1,0,20,1
5458,1,28,6,7093,0
5459,4,21,10,9070,0
5460,27,2,0,16,0
5461,47,4,0,68,1
5462,90,1,0,7,1
5463,1,20,7,5679,0
5464,8,19,1,556,0
5465,129,3,0,65,1
5466,4,5,0,63,0
5467,7,17,7,5096,0
5468,5,5,0,94,0
5469,44,16,0,464,1
5470,47,6,0,162,1
5471,5,8,0,149,0
5472,8,8,0,203,0
5473,6,32,15,18785,0
5474,10,4,0,60,0
5475,2,7,0,135,0
5476,48,1,0,7,1
5477,1,3,0,27,0
5478,3,25,16,17722,0
5479,44,3,0,29,1
5480,12,23,5,4809,0
5481,20,5,0,77,0
5482,46,1,0,13,1
5483,7,30,13,17984,0
5484,100,2,0,23,1
5485,42,11,0,298,1
5486,2,9,1,262,0
5487,4,2,0,24,0
5488,15,7,0,138,0
5489,2,20,10,8854,0
5490,19,1,0,11,0
5491,23,3,0,36,0
5492,7,7,0,156,0
5493,2,3,0,34,0
5494,12,4,0,79,0
5495,93,2,0,17,1
5496,13,3,0,33,0
5497,75,8,0,266,1
5498,2,8,0,162,0
5499,222,1,0,13,1
5500,4,8,0,153,0
5501,999,0,0,0,1
5502,20,5,0,85,0
5503,2,2,0,22,0
5504,1,12,4,2497,0
5505,9,3,0,29,0
5506,6,6,0,115,0
5507,8,7,0,130,0
5508,999,0,0,0,1
5509,60,4,0,73,1
5510,78,1,0,16,1
5511,97,1,0,3,1
5512,12,11,2,547,0
5513,25,15,1,506,0
5514,5,6,0,88,0
5515,92,4,0,44,1
5516,4,6,0,88,0
5517,125,1,0,17,1
5518,45,4,0,63,1
5519,25,2,0,30,0
5520,5,11,0,233,0
5521,10,10,0,296,0
5522,38,1,0,12,1
5523,5,17,7,6499,0
5524,58,8,0,185,1
5525,14,3,0,52,0
5526,3,6,0,85,0
5527,21,3,0,60,0
5528,6,11,0,218,0
5529,33,3,0,28,1
5530,42,3,0,47,1
5531,6,6,0,130,0
5532,18,10,0,234,0
5533,1,4,0,68,0
5534,41,13,5,3115,1
5535,186,3,0,49,1
5536,2,9,7,2141,0
5537,5,19,0,664,0
5538,999,0,0,0,1
5539,26,2,0,31,0
5540,36,7,0,188,1
5541,64,1,0,5,1
5542,10,8,0,143,0
5543,21,3,0,50,0
5544,54,5,0,125,1
5545,194,1,0,4,1
5546,87,3,0,33,1
5547,1,30,8,11690,0
5548,999,0,0,0,1
5549,273,2,0,51,1
5550,44,9,0,148,1
5551,6,29,16,19822,0
5552,5,1,0,24,0
5553,106,1,0,9,1
5554,5,5,0,117,0
5555,9,8,0,174,0
5556,99,6,0,132,1
5557,14,20,10,7068,0
5558,8,4,0,43,0
5559,60,3,0,42,1
5560,54,7,1,197,1
5561,25,6,0,99,0
5562,999,0,0,0,1
5563,20,10,0,391,0
5564,13,11,2,964,0
5565,82,5,0,112,1
5566,2,24,10,10335,0
5567,999,0,0,0,1
5568,4,3,0,16,0
5569,999,0,0,0,1
5570,6,9,0,234,0
5571,12,1,0,22,0
5572,35,3,0,55,1
5573,7,8,0,221,0
5574,1,6,0,107,0
5575,14,3,0,19,0
5576,5,2,0,18,0
5577,23,3,0,79,0
5578,2,6,0,86,0
5579,1,12,1,210,0
5580,4,30,8,11277,0
5581,5,8,0,140,0
5582,4,1,0,4,0
5583,61,7,0,243,1
5584,105,1,0,6,1
5585,31,10,1,385,1
5586,49,13,0,321,1
5587,130,2,0,10,1
5588,7,3,0,68,0
5589,43,1,0,7,1
5590,257,1,0,20,1
5591,13,10,0,267,0
5592,75,9,0,223,1
5593,115,2,0,14,1
5594,90,10,1,352,1
5595,32,1,0,7,1
5596,4,14,2,791,0
5597,6,5,0,107,0
5598,11,21,6,6366,0
5599,24,2,0,22,0
5600,13,15,9,6296,0
5601,2,22,5,4340,0
5602,999,0,0,0,1
5603,4,8,0,127,0
5604,50,14,0,476,1
5605,11,1,0,6,0
5606,5,13,1,281,0
5607,90,4,0,55,1
5608,15,1,0,14,0
5609,6,11,0,340,0
5610,9,7,0,151,0
5611,54,3,0,32,1
5612,45,2,0,55,1
5613,999,0,0,0,1
5614,44,1,0,27,1
5615,8,11,0,218,0
5616,39,5,0,153,1
5617,48,1,0,22,1
5618,14,9,0,205,0
5619,3,14,0,189,0
5620,12,22,6,5874,0
5621,4,3,0,25,0
5622,69,9,0,168,1
5623,86,5,0,146,1
5624,267,2,0,20,1
5625,5,4,0,98,0
5626,999,0,0,0,1
5627,26,9,0,287,0
5628,78,5,0,158,1
5629,999,0,0,0,1
5630,15,12,0,441,0
5631,999,0,0,0,1
5632,1,5,0,67,0
5633,1,2,0,16,0
5634,53,4,0,40,1
5635,999,0,0,0,1
5636,9,4,0,79,0
5637,27,2,0,23,0
5638,18,6,0,101,0
5639,13,14,1,399,0
5640,120,4,0,47,1
5641,46,2,0,24,1
5642,24,4,0,80,0
5643,999,0,0,0,1
5644,6,7,0,125,0
5645,23,10,0,236,0
5646,37,1,0,13,1
5647,9,23,8,7826,0
5648,3,25,6,6997,0
5649,9,2,0,17,0
5650,98,3,0,52,1
5651,7,31,10,12835,0
5652,6,9,0,241,0
5653,999,0,0,0,1
5654,6,2,0,14,0
5655,94,3,0,49,1
5656,8,1,0,8,0
5657,9,4,0,55,0
5658,96,2,0,30,1
5659,18,8,0,193,0
5660,11,2,0,21,0
5661,4,3,0,72,0
5662,12,4,0,91,0
5663,7,2,0,20,0
5664,32,4,0,75,1
5665,136,2,0,12,1
5666,22,1,0,6,0
5667,35,7,0,184,1
5668,3,2,0,19,0
5669,25,8,0,179,0
5670,17,8,1,219,0
5671,12,7,0,169,0
5672,15,13,0,356,0
5673,1,23,9,8664,0
5674,54,5,0,126,1
5675,57,7,0,146,1
5676,34,7,0,141,1
5677,6,3,0,32,0
5678,9,5,0,153,0
5679,66,2,0,16,1
5680,3,6,0,138,0
5681,44,4,0,46,1
5682,5,12,1,464,0
5683,47,2,0,35,1
5684,6,5,0,57,0
5685,7,4,0,101,0
5686,8,14,1,433,0
5687,30,4,0,44,0
5688,33,3,0,57,1
5689,13,13,0,309,0
5690,86,3,0,17,1
5691,3,3,0,56,0
5692,19,6,0,96,0
5693,6,1,0,9,0
5694,4,6,0,120,0
5695,13,3,0,50,0
5696,12,3,0,27,0
5697,3,6,0,134,0
5698,49,1,0,13,1
5699,60,6,1,193,1
5700,7,9,1,194,0
5701,5,16,4,2602,0
5702,7,8,0,130,0
5703,2,25,7,8491,0
5704,4,17,5,4002,0
5705,53,1,0,20,1
5706,87,4,1,90,1
5707,51,1,0,6,1
5708,11,8,0,196,0
5709,999,0,0,0,1
5710,97,3,0,87,1
5711,97,1,0,40,1
5712,3,16,6,4597,0
5713,14,3,0,27,0
5714,232,1,0,6,1
5715,26,3,0,34,0
5716,6,11,0,403,0
5717,14,2,0,17,0
5718,1,7,0,147,0
5719,35,3,0,34,1
5720,25,6,0,104,0
5721,2,10,0,317,0
5722,12,2,0,28,0
5723,179,2,0,16,1
5724,3,7,0,207,0
5725,34,1,0,5,1
5726,3,1,0,14,0
5727,16,2,0,12,0
5728,77,1,0,33,1
5729,999,0,0,0,1
5730,21,3,0,28,0
5731,8,9,0,195,0
5732,18,3,0,37,0
5733,18,11,1,306,0
5734,15,3,0,22,0
5735,7,20,9,8195,0
5736,2,20,9,8769,0
5737,2,11,0,220,0
5738,25,2,0,20,0
5739,18,1,0,8,0
5740,108,4,0,134,1
5741,51,6,0,106,1
5742,4,16,0,508,0
5743,8,9,0,179,0
5744,37,6,0,120,1
5745,16,7,0,94,0
5746,206,1,0,10,1
5747,4,11,0,257,0
5748,160,3,0,47,1
5749,32,3,0,42,1
5750,13,10,1,272,0
5751,6,24,10,11858,0
5752,4,2,0,24,0
5753,25,6,0,108,0
5754,21,7,1,181,0
5755,201,2,0,55,1
5756,6,1,0,8,0
5757,103,1,0,25,1
5758,21,6,0,109,0
5759,50,5,0,72,1
5760,14,7,0,251,0
5761,999,0,0,0,1
5762,3,16,8,5614,0
5763,31,3,0,76,1
5764,21,5,0,107,0
5765,16,17,8,5172,0
5766,4,7,0,154,0
5767,5,5,0,107,0
5768,56,2,0,25,1
5769,38,11,0,375,1
5770,26,1,0,9,0
5771,5,10,0,370,0
5772,72,2,0,44,1
5773,999,0,0,0,1
5774,999,0,0,0,1
5775,2,14,0,464,0
5776,98,6,0,92,1
5777,9,10,0,280,0
5778,266,2,0,24,1
5779,146,3,0,24,1
5780,192,1,0,12,1
5781,2,27,5,5733,0
5782,1,22,9,9225,0
5783,19,6,0,125,0
5784,1,5,0,92,0
5785,3,3,0,29,0
5786,4,11,0,303,0
5787,32,1,0,16,1
5788,12,7,0,108,0
5789,7,17,4,2987,0
5790,1,23,7,7947,0
5791,6,6,0,115,0
5792,153,1,0,24,1
5793,11,4,0,44,0
5794,999,0,0,0,1
5795,42,6,0,125,1
5796,3,22,5,4521,0
5797,1,5,0,95,0
5798,92,2,0,24,1
5799,4,7,1,158,0
5800,6,6,0,115,0
5801,27,20,3,2882,0
5802,2,36,14,23408,0
5803,20,3,0,36,0
5804,18,5,0,134,0
5805,17,3,0,64,0
5806,151,1,0,4,1
5807,85,3,0,46,1
5808,12,3,0,37,0
5809,91,6,0,166,1
5810,29,1,0,9,0
5811,27,9,0,203,0
5812,84,1,0,4,1
5813,11,22,6,5859,0
5814,4,7,0,76,0
5815,2,2,0,15,0
5816,30,7,0,126,0
5817,15,15,0,543,0
5818,172,1,0,24,1
5819,31,8,1,375,1
5820,5,3,0,29,0
5821,4,18,8,5512,0
5822,3,4,0,32,0
5823,2,5,1,113,0
5824,23,7,0,194,0
5825,12,3,0,36,0
5826,10,9,1,204,0
5827,21,7,0,112,0
5828,4,21,14,13206,0
5829,42,9,1,275,1
5830,1,8,0,149,0
5831,44,1,0,6,1
5832,1,3,0,37,0
5833,106,6,0,126,1
5834,58,3,0,36,1
5835,36,7,0,114,1
5836,46,2,0,22,1
5837,6,9,2,819,0
5838,82,2,0,27,1
5839,3,7,0,143,0
5840,26,4,0,51,0
5841,19,2,0,23,0
5842,34,2,0,18,1
5843,8,5,0,127,0
5844,3,30,10,11979,0
5845,2,4,0,87,0
5846,18,10,0,305,0
5847,16,5,0,55,0
5848,22,9,1,260,0
5849,7,2,0,14,0
5850,14,3,0,38,0
5851,11,2,0,34,0
5852,205,2,0,19,1
5853,13,9,0,334,0
5854,12,4,0,33,0
5855,999,0,0,0,1
5856,21,9,0,233,0
5857,41,2,0,35,1
5858,26,1,0,7,0
5859,68,4,0,51,1
5860,2,11,1,266,0
5861,15,4,0,49,0
5862,5,7,0,149,0
5863,16,9,0,213,0
5864,70,1,0,6,1
5865,3,5,0,120,0
5866,11,4,0,64,0
5867,78,1,0,7,1
5868,6,5,0,179,0
5869,9,2,0,20,0
5870,2,5,0,133,0
5871,999,0,0,0,1
5872,3,25,7,8286,0
5873,79,2,0,15,1
5874,13,1,0,7,0
5875,29,5,0,78,0
5876,86,3,0,44,1
5877,31,4,0,39,1
5878,51,5,0,43,1
5879,30,5,0,148,0
5880,5,6,0,108,0
5881,2,2,0,29,0
5882,37,13,1,448,1
5883,27,5,0,65,0
5884,5,21,6,4531,0
5885,6,10,0,271,0
5886,92,1,0,8,1
5887,2,28,6,7423,0
5888,12,6,0,219,0
5889,15,11,0,336,0
5890,999,0,0,0,1
5891,57,1,0,3,1
5892,124,1,0,9,1
5893,10,11,1,407,0
5894,24,5,0,86,0
5895,50,16,5,3562,1
5896,39,2,0,20,1
5897,49,3,0,57,1
5898,24,2,0,19,0
5899,999,0,0,0,1
5900,85,6,0,130,1
5901,1,22,10,9771,0
5902,12,6,0,145,0
5903,7,6,0,170,0
5904,117,6,0,135,1
5905,17,3,0,43,0
5906,6,22,11,11687,0
5907,17,7,0,222,0
5908,7,24,10,9991,0
5909,47,3,0,41,1
5910,14,8,0,273,0
5911,18,6,0,60,0
5912,246,1,0,16,1
5913,71,1,0,13,1
5914,6,7,1,168,0
5915,999,0,0,0,1
5916,19,7,0,113,0
5917,343,1,0,8,1
5918,17,1,0,13,0
5919,39,1,0,8,1
5920,69,1,0,11,1
5921,41,8,1,248,1
5922,40,1,0,5,1
5923,69,10,0,316,1
5924,22,2,0,35,0
5925,999,0,0,0,1
5926,12,4,0,100,0
5927,13,8,0,154,0
5928,14,7,0,155,0
5929,1,20,6,5160,0
5930,3,16,8,5165,0
5931,8,5,0,85,0
5932,18,9,0,159,0
5933,76,3,0,23,1
5934,129,3,0,25,1
5935,91,4,0,61,1
5936,36,6,0,97,1
5937,70,3,0,65,1
5938,2,28,7,8670,0
5939,20,4,0,80,0
5940,36,1,0,14,1
5941,280,1,0,5,1
5942,20,6,0,48,0
5943,1,4,0,70,0
5944,7,10,0,232,0
5945,175,1,0,6,1
5946,5,25,6,6863,0
5947,48,1,0,6,1
5948,10,10,0,325,0
5949,44,7,1,166,1
5950,4,5,0,44,0
5951,19,2,0,14,0
5952,298,1,0,7,1
5953,176,1,0,24,1
5954,3,1,0,10,0
5955,999,0,0,0,1
5956,12,14,0,435,0
5957,44,3,0,32,1
5958,8,9,0,196,0
5959,4,6,0,120,0
5960,6,12,0,362,0
5961,999,0,0,0,1
5962,3,1,0,7,0
5963,14,6,0,108,0
5964,6,6,0,144,0
5965,3,7,0,98,0
5966,3,22,6,5186,0
5967,16,16,1,468,0
5968,8,15,7,5051,0
5969,4,21,11,11383,0
5970,155,1,0,16,1
5971,28,6,0,139,0
5972,64,4,0,83,1
5973,3,16,0,514,0
5974,20,9,2,476,0
5975,24,9,1,286,0
5976,6,15,5,2837,0
5977,6,6,0,118,0
5978,7,9,0,244,0
5979,6,10,0,252,0
5980,63,5,0,47,1
5981,999,0,0,0,1
5982,999,0,0,0,1
5983,3,5,0,61,0
5984,1,7,0,117,0
5985,5,9,1,248,0
5986,63,2,0,37,1
5987,3,2,0,32,0
5988,999,0,0,0,1
5989,58,1,0,24,1
5990,5,7,0,171,0
5991,1,15,0,352,0
5992,4,11,0,332,0
5993,26,2,0,19,0
5994,26,10,0,378,0
5995,48,1,0,10,1
5996,13,6,0,155,0
5997,25,6,0,157,0
5998,41,4,0,85,1
5999,13,9,0,211,0
6000,43,5,0,72,1
6001,50,11,3,1519,1
6002,1,11,0,248,0
6003,28,9,0,205,0
6004,30,8,0,104,0
6005,224,1,0,19,1
6006,36,4,0,117,1
6007,23,3,0,31,0
6008,18,6,0,95,0
6009,111,4,0,85,1
6010,40,11,0,266,1
6011,31,1,0,10,1
6012,16,4,0,68,0
6013,37,3,0,31,1
6014,82,4,0,113,1
6015,24,9,0,235,0
6016,57,1,0,7,1
6017,57,3,0,43,1
6018,49,4,0,49,1
6019,4,32,8,11554,0
6020,26,4,0,51,0
6021,73,7,0,128,1
6022,37,3,0,24,1
6023,87,4,0,97,1
6024,3,5,0,96,0
6025,5,8,0,141,0
6026,12,5,0,81,0
6027,6,10,0,406,0
6028,12,7,0,285,0
6029,16,2,0,22,0
6030,8,10,1,282,0
6031,8,24,11,10917,0
6032,3,10,2,737,0
6033,47,4,0,117,1
6034,20,5,0,161,0
6035,1,13,5,2929,0
6036,46,1,0,2,1
6037,6,14,1,380,0
6038,277,1,0,7,1
6039,17,6,0,130,0
6040,19,12,7,4186,0
6041,6,21,4,3697,0
6042,76,4,0,69,1
6043,2,24,3,2858,0
6044,1,22,8,7852,0
6045,2,5,0,93,0
6046,3,5,0,53,0
6047,1,7,0,265,0
6048,24,3,0,27,0
6049,2,8,0,234,0
6050,131,3,0,37,1
6051,43,3,0,28,1
6052,1,13,0,382,0
6053,14,4,0,36,0
6054,62,3,0,53,1
6055,11,2,0,12,0
6056,24,20,7,6350,0
6057,2,1,0,7,0
6058,221,2,0,22,1
6059,3,21,9,7567,0
6060,2,10,0,306,0
6061,20,10,0,300,0
6062,52,2,0,23,1
6063,35,4,0,107,1
6064,3,14,0,314,0
6065,4,9,0,263,0
6066,45,5,0,48,1
6067,110,2,0,26,1
6068,2,9,0,287,0
6069,2,9,0,169,0
6070,2,25,11,10653,0
6071,19,8,0,151,0
6072,5,25,10,11336,0
6073,13,4,0,44,0
6074,64,1,0,4,1
6075,2,16,1,481,0
6076,51,6,0,137,1
6077,24,10,0,316,0
6078,6,9,0,176,0
6079,17,3,0,40,0
6080,3,7,0,144,0
6081,195,1,0,3,1
6082,4,6,1,173,0
6083,2,5,0,115,0
6084,26,8,0,156,0
6085,9,13,0,390,0
6086,18,1,0,7,0
6087,316,1,0,4,1
6088,5,10,0,183,0
6089,19,10,0,266,0
6090,10,9,1,223,0
6091,84,3,0,32,1
6092,44,2,0,21,1
6093,41,3,0,41,1
6094,999,0,0,0,1
6095,27,3,0,48,0
6096,39,8,1,260,1
6097,999,0,0,0,1
6098,90,7,0,139,1
6099,999,0,0,0,1
6100,10,19,7,5331,0
6101,32,15,1,458,1
6102,15,4,0,55,0
6103,2,6,0,135,0
6104,23,10,0,212,0
6105,30,4,0,51,0
6106,8,2,0,35,0
6107,242,1,0,10,1
6108,5,1,0,11,0
6109,1,1,0,24,0
6110,7,1,0,5,0
6111,7,16,7,5260,0
6112,76,3,0,57,1
6113,7,1,0,7,0
6114,999,0,0,0,1
6115,8,6,0,85,0
6116,72,2,0,55,1
6117,30,3,0,67,0
6118,2,5,0,137,0
6119,30,1,0,11,0
6120,3,26,7,7838,0
6121,3,11,0,351,0
6122,999,0,0,0,1
6123,46,9,2,575,1
6124,112,4,0,48,1
6125,4,6,0,118,0
6126,2,6,0,60,0
6127,12,2,0,31,0
6128,13,8,0,246,0
6129,4,8,0,245,0
6130,36,9,0,287,1
6131,17,11,0,298,0
6132,33,3,0,38,1
6133,999,0,0,0,1
6134,26,3,0,54,0
6135,31,10,0,336,1
6136,6,23,9,9508,0
6137,49,15,4,2972,1
6138,12,3,0,27,0
6139,2,8,0,173,0
6140,3,2,0,44,0
6141,4,6,0,200,0
6142,31,3,0,72,1
6143,14,6,1,172,0
6144,14,6,0,105,0
6145,9,4,0,35,0
6146,1,11,0,285,0
6147,47,7,0,149,1
6148,13,1,0,6,0
6149,61,26,4,4354,1
6150,4,9,0,119,0
6151,23,6,1,130,0
6152,14,14,2,1240,0
6153,4,21,6,5869,0
6154,6,4,2,303,0
6155,5,7,0,171,0
6156,56,1,0,3,1
6157,34,10,0,242,1
6158,12,8,0,133,0
6159,68,3,0,39,1
6160,58,1,0,11,1
6161,34,8,0,183,1
6162,11,13,0,215,0
6163,4,1,0,23,0
6164,55,3,0,46,1
6165,28,9,0,248,0
6166,48,8,0,143,1
6167,4,18,6,4766,0
6168,53,10,0,237,1
6169,1,17,3,2293,0
6170,10,20,10,7030,0
6171,68,2,0,40,1
6172,47,5,0,58,1
6173,13,7,0,147,0
6174,2,6,0,158,0
6175,999,0,0,0,1
6176,23,5,0,81,0
6177,17,1,0,19,0
6178,262,2,0,38,1
6179,16,4,0,75,0
6180,122,1,0,3,1
6181,39,5,0,79,1
6182,184,2,0,53,1
6183,999,0,0,0,1
6184,29,2,0,21,0
6185,66,1,0,12,1
6186,16,3,0,44,0
6187,999,0,0,0,1
6188,7,21,3,2879,0
6189,11,9,0,153,0
6190,18,28,11,13601,0
6191,12,3,0,36,0
6192,15,9,1,237,0
6193,249,1,0,4,1
6194,1,16,0,447,0
6195,11,5,0,58,0
6196,8,15,0,513,0
6197,4,5,0,100,0
6198,6,14,1,436,0
6199,64,4,0,57,1
6200,11,7,0,151,0
6201,2,9,0,153,0
6202,41,10,1,316,1
6203,7,9,1,248,0
6204,95,2,0,15,1
6205,202,1,0,10,1
6206,7,11,1,343,0
6207,9,5,0,75,0
6208,35,1,0,7,1
6209,20,20,12,11350,0
6210,24,4,1,88,0
6211,36,1,0,8,1
6212,30,9,0,370,0
6213,4,3,0,28,0
6214,12,1,0,9,0
6215,2,6,0,151,0
6216,90,1,0,23,1
6217,15,4,0,103,0
6218,40,6,0,108,1
6219,50,2,0,16,1
6220,239,1,0,3,1
6221,35,9,0,366,1
6222,19,7,0,107,0
6223,999,0,0,0,1
6224,10,3,0,43,0
6225,2,10,1,246,0
6226,213,3,0,40,1
6227,3,18,6,5838,0
6228,27,8,0,259,0
6229,11,2,0,13,0
6230,32,1,0,9,1
6231,11,2,0,32,0
6232,999,0,0,0,1
6233,22,4,0,60,0
6234,4,3,0,40,0
6235,3,17,1,519,0
6236,54,3,0,45,1
6237,106,2,0,11,1
6238,19,3,0,30,0
6239,6,9,0,145,0
6240,177,4,0,73,1
6241,2,8,0,143,0
6242,17,4,0,66,0
6243,6,22,15,14087,0
6244,26,4,0,57,0
6245,19,5,0,72,0
6246,999,0,0,0,1
6247,6,13,1,314,0
6248,1,17,3,2382,0
6249,26,7,0,137,0
6250,28,8,0,98,0
6251,24,21,6,5596,0
6252,17,7,0,155,0
6253,120,2,0,25,1
6254,13,2,0,35,0
6255,16,5,0,135,0
6256,21,2,0,34,0
6257,36,9,0,150,1
6258,85,5,0,100,1
6259,4,6,0,120,0
6260,48,5,0,60,1
6261,18,8,0,145,0
6262,11,4,0,92,0
6263,3,20,9,6422,0
6264,33,4,0,63,1
6265,90,1,0,10,1
6266,14,7,0,98,0
6267,78,3,0,58,1
6268,13,4,0,100,0
6269,119,1,0,16,1
6270,1,5,0,100,0
6271,16,10,1,255,0
6272,32,7,0,121,1
6273,57,2,0,31,1
6274,50,2,0,50,1
6275,10,10,0,293,0
6276,47,3,0,55,1
6277,11,10,2,620,0
6278,96,5,0,99,1
6279,10,10,2,709,0
6280,87,2,0,30,1
6281,999,0,0,0,1
6282,13,4,0,52,0
6283,1,28,8,10472,0
6284,5,1,0,14,0
6285,38,7,1,238,1
6286,79,3,0,34,1
6287,9,5,0,106,0
6288,253,1,0,23,1
6289,104,1,0,9,1
6290,3,6,0,139,0
6291,2,10,0,183,0
6292,3,10,0,286,0
6293,43,5,0,110,1
6294,23,2,0,29,0
6295,56,1,0,5,1
6296,1,10,0,198,0
6297,18,19,6,5518,0
6298,158,1,0,2,1
6299,68,4,1,79,1
6300,105,8,0,159,1
6301,36,1,0,6,1
6302,3,11,0,300,0
6303,3,16,0,483,0
6304,47,4,0,61,1
6305,39,4,0,27,1
6306,32,5,0,107,1
6307,2,9,0,358,0
6308,12,6,0,105,0
6309,61,2,0,32,1
6310,2,2,0,17,0
6311,17,4,0,88,0
6312,6,3,0,73,0
6313,2,25,11,12224,0
6314,10,9,0,304,0
6315,9,8,0,232,0
6316,999,0,0,0,1
6317,107,1,0,17,1
6318,51,3,0,87,1
6319,231,2,0,27,1
6320,77,1,0,5,1
6321,33,11,3,1328,1
6322,999,0,0,0,1
6323,42,4,0,62,1
6324,2,5,0,100,0
6325,5,11,0,209,0
6326,3,25,10,10050,0
6327,59,4,0,120,1
6328,168,2,0,25,1
6329,999,0,0,0,1
6330,1,11,1,268,0
6331,190,1,0,31,1
6332,999,0,0,0,1
6333,13,3,0,69,0
6334,18,18,7,6736,0
6335,6,22,5,5458,0
6336,2,6,0,147,0
6337,30,6,0,100,0
6338,223,3,0,32,1
6339,7,17,4,3361,0
6340,5,1,0,16,0
6341,67,1,0,10,1
6342,20,21,4,4028,0
6343,7,20,9,8025,0
6344,60,3,0,36,1
6345,7,4,0,69,0
6346,12,12,1,272,0
6347,37,4,0,66,1
6348,33,1,0,5,1
6349,27,3,0,35,0
6350,999,0,0,0,1
6351,52,3,0,30,1
6352,205,1,0,11,1
6353,70,2,0,37,1
6354,10,7,0,105,0
6355,3,31,12,16519,0
6356,116,1,0,9,1
6357,11,5,0,105,0
6358,26,3,0,54,0
6359,122,5,1,125,1
6360,49,1,0,11,1
6361,29,2,0,19,0
6362,35,1,0,6,1
6363,34,3,0,56,1
6364,2,5,0,103,0
6365,227,1,0,21,1
6366,92,1,0,8,1
6367,22,9,1,291,0
6368,4,9,0,223,0
6369,2,6,0,174,0
6370,47,5,0,137,1
6371,21,3,0,54,0
6372,57,3,0,22,1
6373,7,12,1,340,0
6374,5,12,0,332,0
6375,22,1,0,10,0
6376,20,4,0,94,0
6377,136,1,0,10,1
6378,26,17,4,2219,0
6379,1,15,5,4156,0
6380,31,7,0,245,1
6381,32,7,0,153,1
6382,23,4,0,34,0
6383,14,7,0,174,0
6384,3,6,0,199,0
6385,56,1,0,4,1
6386,87,2,0,20,1
6387,24,1,0,14,0
6388,19,3,0,94,0
6389,15,1,0,11,0
6390,75,1,0,14,1
6391,12,8,0,165,0
6392,4,16,6,5066,0
6393,5,4,0,68,0
6394,40,8,0,124,1
6395,3,12,2,632,0
6396,25,4,0,74,0
6397,69,5,0,93,1
6398,22,3,0,37,0
6399,31,10,0,337,1
6400,100,1,0,7,1
6401,100,1,0,18,1
6402,999,0,0,0,1
6403,144,2,0,18,1
6404,1,10,1,307,0
6405,999,0,0,0,1
6406,2,10,0,257,0
6407,14,7,1,146,0
6408,16,6,0,88,0
6409,127,4,0,122,1
6410,6,5,0,50,0
6411,11,4,1,86,0
6412,130,5,0,85,1
6413,2,23,6,5610,0
6414,15,7,1,151,0
6415,81,2,0,29,1
6416,63,2,0,29,1
6417,65,2,0,22,1
6418,20,2,0,24,0
6419,28,2,0,25,0
6420,6,7,0,276,0
6421,103,2,0,67,1
6422,999,0,0,0,1
6423,60,4,0,56,1
6424,19,2,0,30,0
6425,999,0,0,0,1
6426,5,28,9,10878,0
6427,5,6,0,141,0
6428,999,0,0,0,1
6429,71,3,0,58,1
6430,11,12,0,364,0
6431,171,2,0,28,1
6432,999,0,0,0,1
6433,28,2,0,14,0
6434,3,9,1,296,0
6435,13,3,0,26,0
6436,2,15,1,495,0
6437,6,1,0,7,0
6438,8,11,0,356,0
6439,85,1,0,19,1
6440,999,0,0,0,1
6441,23,20,9,7713,0
6442,20,8,0,266,0
6443,9,15,0,463,0
6444,47,1,0,15,1
6445,3,6,0,140,0
6446,41,1,0,14,1
6447,18,5,0,68,0
6448,4,12,0,332,0
6449,175,6,0,76,1
6450,18,8,0,141,0
6451,272,2,0,12,1
6452,91,2,0,24,1
6453,999,0,0,0,1
6454,24,7,0,175,0
6455,26,5,0,48,0
6456,6,17,1,570,0
6457,5,7,0,110,0
6458,6,7,0,179,0
6459,13,5,0,85,0
6460,66,2,0,10,1
6461,10,4,0,104,0
6462,28,25,11,10884,0
6463,179,5,0,94,1
6464,82,1,0,22,1
6465,29,2,0,26,0
6466,34,4,0,53,1
6467,14,12,0,369,0
6468,91,1,0,8,1
6469,63,3,0,35,1
6470,28,2,0,10,0
6471,54,1,0,16,1
6472,16,2,0,31,0
6473,1,4,0,83,0
6474,7,1,0,5,0
6475,13,5,0,78,0
6476,45,1,0,6,1
6477,35,7,0,179,1
6478,51,4,0,57,1
6479,3,7,0,183,0
6480,23,3,0,71,0
6481,9,1,0,13,0
6482,33,4,0,34,1
6483,116,2,0,35,1
6484,99,1,0,11,1
6485,93,3,0,30,1
6486,57,1,0,9,1
6487,999,0,0,0,1
6488,22,10,0,339,0
6489,3,22,7,8462,0
6490,999,0,0,0,1
6491,3,4,0,46,0
6492,5,18,11,8792,0
6493,20,11,2,597,0
6494,9,11,1,297,0
6495,2,7,0,137,0
6496,2,9,0,234,0
6497,3,8,0,192,0
6498,4,9,0,286,0
6499,13,18,0,519,0
6500,2,4,0,90,0
6501,64,7,0,161,1
6502,14,1,0,8,0
6503,5,28,6,6623,0
6504,20,7,0,114,0
6505,36,3,0,33,1
6506,11,5,0,99,0
6507,3,10,1,291,0
6508,132,1,0,9,1
6509,8,13,2,726,0
6510,49,3,0,65,1
6511,17,5,0,38,0
6512,11,16,4,2728,0
6513,30,2,0,40,0
6514,5,12,0,286,0
6515,23,5,0,93,0
6516,21,6,1,161,0
6517,9,3,0,74,0
6518,47,6,0,149,1
6519,9,3,0,96,0
6520,14,7,0,134,0
6521,19,4,0,61,0
6522,1,10,0,268,0
6523,44,2,0,35,1
6524,174,2,0,23,1
6525,31,4,0,62,1
6526,13,6,0,84,0
6527,43,1,0,3,1
6528,8,15,0,411,0
6529,25,4,0,86,0
6530,46,7,0,107,1
6531,65,6,0,213,1
6532,107,1,0,4,1
6533,20,8,0,207,0
6534,6,9,1,358,0
6535,14,3,0,24,0
6536,4,13,0,286,0
6537,999,0,0,0,1
6538,999,0,0,0,1
6539,180,2,0,17,1
6540,22,9,1,273,0
6541,108,1,0,9,1
6542,6,10,0,261,0
6543,999,0,0,0,1
6544,27,8,0,257,0
6545,10,7,0,89,0
6546,9,12,0,323,0
6547,8,2,0,24,0
6548,15,8,0,240,0
6549,71,4,0,87,1
6550,67,1,0,13,1
6551,8,5,0,75,0
6552,4,17,0,457,0
6553,3,19,0,528,0
6554,208,2,0,30,1
6555,7,11,0,254,0
6556,999,0,0,0,1
6557,43,3,0,39,1
6558,12,16,0,404,0
6559,5,10,0,173,0
6560,5,29,9,12054,0
6561,2,24,9,10552,0
6562,3,15,0,431,0
6563,17,16,2,1625,0
6564,6,6,0,126,0
6565,10,6,0,92,0
6566,999,0,0,0,1
6567,143,3,0,53,1
6568,9,7,0,200,0
6569,17,6,0,199,0
6570,4,2,0,17,0
6571,13,13,0,367,0
6572,5,10,1,281,0
6573,22,2,0,13,0
6574,69,6,0,155,1
6575,999,0,0,0,1
6576,121,5,0,83,1
6577,999,0,0,0,1
6578,36,1,0,8,1
6579,2,8,0,156,0
6580,32,1,0,15,1
6581,1,6,0,129,0
6582,999,0,0,0,1
6583,29,2,0,16,0
6584,4,2,0,35,0
6585,196,1,0,22,1
6586,4,19,8,6663,0
6587,4,2,0,10,0
6588,226,1,0,8,1
6589,5,4,0,65,0
6590,154,2,0,28,1
6591,2,24,11,10438,0
6592,10,8,0,213,0
6593,25,9,0,192,0
6594,5,4,0,31,0
6595,90,2,0,16,1
6596,1,22,6,6389,0
6597,65,3,0,37,1
6598,62,2,0,20,1
6599,154,4,0,118,1
6600,28,8,0,143,0
6601,3,6,0,191,0
6602,52,1,0,8,1
6603,2,24,11,10873,0
6604,5,10,0,218,0
6605,1,18,1,447,0
6606,42,2,0,24,1
6607,34,3,0,29,1
6608,24,2,0,22,0
6609,999,0,0,0,1
6610,8,7,0,147,0
6611,999,0,0,0,1
6612,26,12,1,403,0
6613,40,8,0,238,1
6614,7,24,8,7410,0
6615,8,23,6,5945,0
6616,121,1,0,11,1
6617,999,0,0,0,1
6618,28,13,0,386,0
6619,68,1,0,11,1
6620,54,3,0,79,1
6621,18,9,0,301,0
6622,12,1,0,14,0
6623,27,11,0,255,0
6624,22,7,0,122,0
6625,112,2,0,13,1
6626,191,1,0,7,1
6627,1,5,0,98,0
6628,17,4,0,70,0
6629,13,3,0,28,0
6630,3,6,0,117,0
6631,999,0,0,0,1
6632,5,10,0,212,0
6633,33,3,0,47,1
6634,134,3,0,34,1
6635,1,13,1,317,0
6636,1,11,0,341,0
6637,999,0,0,0,1
6638,11,8,1,263,0
6639,16,9,0,183,0
6640,999,0,0,0,1
6641,36,1,0,4,1
6642,34,6,0,127,1
6643,21,15,5,3787,0
6644,3,11,0,267,0
6645,2,15,1,412,0
6646,27,2,0,19,0
6647,69,2,0,31,1
6648,12,2,0,23,0
6649,65,2,0,19,1
6650,17,10,0,223,0
6651,19,4,0,48,0
6652,999,0,0,0,1
6653,3,7,0,76,0
6654,4,16,1,489,0
6655,20,4,0,56,0
6656,10,4,0,78,0
6657,32,1,0,9,1
6658,5,6,0,90,0
6659,8,9,1,276,0
6660,7,3,0,41,0
6661,66,3,0,54,1
6662,1,8,0,279,0
6663,140,1,0,4,1
6664,13,15,1,348,0
6665,2,5,0,92,0
6666,16,15,1,452,0
6667,56,3,0,39,1
6668,37,5,0,142,1
6669,999,0,0,0,1
6670,3,22,5,4664,0
6671,119,4,0,61,1
6672,18,9,0,327,0
6673,39,4,0,119,1
6674,6,20,3,2413,0
6675,9,5,0,54,0
6676,133,2,0,15,1
6677,7,4,0,92,0
6678,39,2,0,18,1
6679,83,2,0,20,1
6680,18,1,0,8,0
6681,6,6,0,88,0
6682,5,6,0,110,0
6683,1,23,10,9506,0
6684,264,3,0,49,1
6685,7,30,13,17597,0
6686,4,2,0,24,0
6687,38,8,0,150,1
6688,9,11,0,303,0
6689,47,10,0,491,1
6690,999,0,0,0,1
6691,66,5,0,115,1
6692,2,29,12,15052,0
6693,6,7,0,113,0
6694,185,1,0,10,1
6695,2,8,0,173,0
6696,2,18,7,4591,0
6697,36,4,0,50,1
6698,139,2,0,19,1
6699,49,8,0,149,1
6700,15,12,4,1836,0
6701,39,5,0,88,1
6702,2,16,10,6405,0
6703,11,5,0,84,0
6704,11,2,0,16,0
6705,4,9,0,290,0
6706,18,8,0,113,0
6707,83,5,0,108,1
6708,5,25,8,9894,0
6709,310,1,0,5,1
6710,5,6,0,82,0
6711,6,11,1,375,0
6712,7,2,0,15,0
6713,1,14,0,409,0
6714,56,2,0,37,1
6715,41,2,0,26,1
6716,128,2,0,25,1
6717,1,14,7,4570,0
6718,3,11,1,359,0
6719,7,6,0,122,0
6720,16,7,0,145,0
6721,9,5,0,93,0
6722,12,3,0,48,0
6723,1,1,0,6,0
6724,7,25,7,8766,0
6725,5,5,0,70,0
6726,4,7,0,129,0
6727,54,10,0,328,1
6728,6,16,2,839,0
6729,114,4,0,29,1
6730,2,22,9,8632,0
6731,2,12,0,312,0
6732,8,6,0,107,0
6733,20,9,0,203,0
6734,7,16,0,392,0
6735,35,2,0,23,1
6736,999,0,0,0,1
6737,3,21,9,8643,0
6738,102,1,0,6,1
6739,38,6,0,170,1
6740,8,3,0,21,0
6741,999,0,0,0,1
6742,3,7,0,205,0
6743,2,9,0,179,0
6744,1,7,0,117,0
6745,63,1,0,5,1
6746,5,14,1,327,0
6747,187,2,0,21,1
6748,21,4,0,30,0
6749,2,7,0,143,0
6750,9,10,1,232,0
6751,20,7,0,215,0
6752,7,18,6,4933,0
6753,14,3,0,54,0
6754,29,11,1,245,0
6755,4,8,0,145,0
6756,2,12,0,440,0
6757,3,15,3,1878,0
6758,2,22,2,2194,0
6759,1,6,0,140,0
6760,72,4,0,104,1
6761,999,0,0,0,1
6762,27,6,0,125,0
6763,999,0,0,0,1
6764,62,1,0,15,1
6765,10,7,0,144,0
6766,111,1,0,11,1
6767,135,1,0,24,1
6768,9,12,0,373,0
6769,55,1,0,8,1
6770,92,1,0,15,1
6771,1,7,0,102,0
6772,33,4,0,165,1
6773,999,0,0,0,1
6774,20,11,1,252,0
6775,12,15,0,538,0
6776,49,9,1,250,1
6777,176,1,0,12,1
6778,78,2,0,27,1
6779,1,15,2,1107,0
6780,197,1,0,18,1
6781,12,7,0,152,0
6782,54,2,0,12,1
6783,34,3,0,50,1
6784,41,2,0,26,1
6785,37,2,0,31,1
6786,64,8,1,196,1
6787,45,3,0,70,1
6788,29,2,0,8,0
6789,27,2,0,41,0
6790,72,3,0,24,1
6791,21,1,0,23,0
6792,33,4,0,36,1
6793,45,5,0,67,1
6794,29,7,1,176,0
6795,229,3,0,109,1
6796,4,6,0,160,0
6797,11,7,0,133,0
6798,999,0,0,0,1
6799,4,19,0,565,0
6800,14,8,0,155,0
6801,48,1,0,12,1
6802,14,11,0,276,0
6803,2,3,0,41,0
6804,9,5,0,59,0
6805,19,3,0,33,0
6806,7,10,0,195,0
6807,166,1,0,13,1
6808,10,2,0,17,0
6809,3,2,0,13,0
6810,19,2,0,37,0
6811,3,32,15,21924,0
6812,14,10,0,276,0
6813,28,2,0,17,0
6814,242,1,0,40,1
6815,999,0,0,0,1
6816,3,22,9,7887,0
6817,2,16,0,566,0
6818,5,18,3,2132,0
6819,999,0,0,0,1
6820,6,11,2,597,0
6821,15,6,0,91,0
6822,25,4,0,50,0
6823,999,0,0,0,1
6824,85,2,0,13,1
6825,121,1,0,8,1
6826,1,6,0,115,0
6827,3,14,0,517,0
6828,3,3,0,45,0
6829,15,5,0,87,0
6830,6,2,0,27,0
6831,5,3,0,42,0
6832,9,1,0,14,0
6833,3,6,0,129,0
6834,30,9,1,228,0
6835,40,4,0,48,1
6836,23,8,0,226,0
6837,2,23,4,4817,0
6838,26,9,0,177,0
6839,94,2,0,34,1
6840,10,22,15,14720,0
6841,2,4,0,59,0
6842,54,2,0,27,1
6843,8,7,0,84,0
6844,8,3,0,57,0
6845,30,4,0,41,0
6846,50,6,0,88,1
6847,11,16,4,2623,0
6848,2,8,0,147,0
6849,2,1,0,10,0
6850,999,0,0,0,1
6851,2,16,0,477,0
6852,10,3,0,75,0
6853,24,6,0,112,0
6854,8,3,0,45,0
6855,29,3,0,47,0
6856,3,4,0,36,0
6857,2,10,1,334,0
6858,38,16,7,4066,1
6859,5,2,0,15,0
6860,4,4,0,108,0
6861,4,17,1,555,0
6862,104,4,0,62,1
6863,6,1,0,10,0
6864,999,0,0,0,1
6865,23,3,0,60,0
6866,17,4,0,41,0
6867,33,5,0,59,1
6868,2,3,0,45,0
6869,6,4,0,68,0
6870,18,4,0,63,0
6871,113,2,0,49,1
6872,11,10,1,353,0
6873,39,8,0,240,1
6874,2,13,0,288,0
6875,9,16,7,4634,0
6876,42,12,0,240,1
6877,3,4,0,31,0
6878,261,2,0,48,1
6879,52,6,0,80,1
6880,28,3,0,41,0
6881,20,2,0,13,0
6882,8,3,0,27,0
6883,2,6,0,154,0
6884,2,6,0,135,0
6885,4,15,7,4969,0
6886,1,1,0,6,0
6887,29,11,1,269,0
6888,5,16,2,858,0
6889,5,7,0,139,0
6890,209,1,0,13,1
6891,28,4,0,75,0
6892,7,5,0,87,0
6893,23,5,0,117,0
6894,12,2,0,38,0
6895,10,10,0,319,0
6896,3,19,4,3407,0
6897,1,6,2,354,0
6898,26,3,0,42,0
6899,999,0,0,0,1
6900,111,3,0,24,1
6901,10,3,0,42,0
6902,30,8,0,250,0
6903,14,4,0,36,0
6904,13,3,0,39,0
6905,75,1,0,14,1
6906,256,1,0,12,1
6907,9,3,0,39,0
6908,26,3,0,80,0
6909,11,6,0,137,0
6910,1,23,13,12098,0
6911,7,13,1,391,0
6912,13,10,0,279,0
6913,21,3,0,81,0
6914,196,2,0,36,1
6915,7,7,0,119,0
6916,999,0,0,0,1
6917,2,11,0,304,0
6918,9,21,5,4384,0
6919,119,1,0,3,1
6920,28,16,6,4783,0
6921,12,3,0,34,0
6922,253,1,0,14,1
6923,3,12,1,292,0
6924,36,3,0,28,1
6925,39,3,0,80,1
6926,44,4,0,95,1
6927,8,18,0,516,0
6928,12,2,0,23,0
6929,999,0,0,0,1
6930,61,1,0,13,1
6931,999,0,0,0,1
6932,16,1,0,3,0
6933,1,24,7,6929,0
6934,29,5,0,132,0
6935,999,0,0,0,1
6936,999,0,0,0,1
6937,151,1,0,4,1
6938,18,3,0,42,0
6939,21,4,0,43,0
6940,13,3,0,28,0
6941,27,7,1,255,0
6942,40,6,0,135,1
6943,31,17,7,5826,1
6944,37,4,0,61,1
6945,2,13,5,2750,0
6946,14,15,9,6848,0
6947,6,14,6,3275,0
6948,1,9,0,204,0
6949,43,14,1,423,1
6950,17,3,0,33,0
6951,26,6,0,106,0
6952,9,26,17,19113,0
6953,3,38,14,24634,0
6954,2,12,0,349,0
6955,149,2,0,22,1
6956,44,14,5,2829,1
6957,20,3,0,73,0
6958,37,7,0,225,1
6959,104,2,0,39,1
6960,228,1,0,11,1
6961,999,0,0,0,1
6962,5,6,0,110,0
6963,115,2,0,27,1
6964,23,5,0,49,0
6965,66,2,0,23,1
6966,98,1,0,8,1
6967,9,5,0,138,0
6968,7,20,2,1270,0
6969,999,0,0,0,1
6970,999,0,0,0,1
6971,3,9,8,2696,0
6972,47,20,3,2783,1
6973,999,0,0,0,1
6974,8,2,0,12,0
6975,58,6,0,96,1
6976,5,13,2,974,0
6977,2,5,0,78,0
6978,108,2,0,29,1
6979,3,11,0,355,0
6980,8,16,0,543,0
6981,21,3,0,41,0
6982,13,9,0,173,0
6983,22,5,0,54,0
6984,3,17,0,473,0
6985,14,4,0,64,0
6986,31,8,0,241,1
6987,37,4,0,90,1
6988,6,9,0,289,0
6989,999,0,0,0,1
6990,7,5,0,92,0
6991,1,12,1,361,0
6992,5,9,0,211,0
6993,25,1,0,17,0
6994,5,28,11,13221,0
6995,2,9,0,185,0
6996,4,5,0,113,0
6997,8,6,0,161,0
6998,50,3,0,35,1
6999,5,13,1,335,0
7000,187,1,0,6,1
7001,4,11,0,197,0
7002,16,2,0,27,0
7003,4,27,14,16352,0
7004,10,5,0,114,0
7005,66,3,0,30,1
7006,178,1,0,10,1
7007,14,7,0,105,0
7008,6,4,0,56,0
7009,5,6,0,117,0
7010,2,8,0,140,0
7011,19,2,0,12,0
7012,999,0,0,0,1
7013,10,9,0,272,0
7014,3,12,0,318,0
7015,5,3,0,43,0
7016,30,5,0,108,0
7017,25,8,0,189,0
7018,140,3,0,79,1
7019,233,1,0,7,1
7020,56,4,0,43,1
7021,1,18,11,6791,0
7022,999,0,0,0,1
7023,8,6,0,135,0
7024,7,3,0,88,0
7025,30,6,0,121,0
7026,188,1,0,4,1
7027,7,5,0,71,0
7028,3,12,0,373,0
7029,3,8,0,204,0
7030,6,4,0,45,0
7031,20,15,5,3269,0
7032,48,3,0,34,1
7033,37,2,0,20,1
7034,17,5,0,101,0
7035,80,1,0,13,1
7036,56,6,0,68,1
7037,63,1,0,7,1
7038,65,2,0,14,1
7039,50,4,0,92,1
7040,37,8,1,260,1
7041,3,21,5,4674,0
7042,1,14,2,988,0
7043,7,22,11,10562,0
7044,2,13,0,386,0
7045,999,0,0,0,1
7046,5,3,0,45,0
7047,38,5,0,105,1
7048,3,10,0,283,0
7049,8,4,0,97,0
7050,999,0,0,0,1
7051,55,3,0,46,1
7052,34,3,0,17,1
7053,38,5,0,143,1
7054,6,21,2,1984,0
7055,2,29,13,17139,0
7056,2,13,0,402,0
7057,13,5,0,77,0
7058,2,4,0,54,0
7059,999,0,0,0,1
7060,29,7,0,106,0
7061,81,2,0,16,1
7062,51,10,0,362,1
7063,27,6,0,123,0
7064,23,9,0,252,0
7065,70,3,0,50,1
7066,3,24,12,10828,0
7067,27,4,0,38,0
7068,999,0,0,0,1
7069,999,0,0,0,1
7070,1,2,0,19,0
7071,999,0,0,0,1
7072,5,6,0,122,0
7073,199,3,0,24,1
7074,17,6,0,125,0
7075,2,10,0,171,0
7076,3,2,0,26,0
7077,57,4,0,63,1
7078,9,13,0,369,0
7079,19,2,0,49,0
7080,999,0,0,0,1
7081,3,25,10,10958,0
7082,13,5,0,137,0
7083,20,1,0,7,0
7084,55,3,0,59,1
7085,2,10,1,216,0
7086,999,0,0,0,1
7087,4,12,0,285,0
7088,139,1,0,16,1
7089,999,0,0,0,1
7090,24,5,0,72,0
7091,4,11,0,211,0
7092,999,0,0,0,1
7093,14,9,0,313,0
7094,15,8,0,168,0
7095,4,1,0,24,0
7096,999,0,0,0,1
7097,4,3,0,39,0
7098,6,15,8,3551,0
7099,5,7,0,128,0
7100,40,2,0,11,1
7101,12,3,0,53,0
7102,999,0,0,0,1
7103,999,0,0,0,1
7104,12,10,1,328,0
7105,90,2,0,34,1
7106,16,3,0,28,0
7107,2,15,0,485,0
7108,3,4,0,66,0
7109,85,6,0,210,1
7110,26,24,14,14289,0
7111,24,2,0,9,0
7112,6,16,8,6055,0
7113,43,6,1,203,1
7114,1,11,1,295,0
7115,999,0,0,0,1
7116,5,2,0,12,0
7117,68,1,0,7,1
7118,55,8,0,253,1
7119,58,1,0,6,1
7120,39,1,0,3,1
7121,84,7,0,140,1
7122,43,5,0,54,1
7123,6,7,0,154,0
7124,999,0,0,0,1
7125,60,1,0,5,1
7126,40,3,0,27,1
7127,999,0,0,0,1
7128,12,2,0,22,0
7129,33,2,0,14,1
7130,999,0,0,0,1
7131,22,8,0,288,0
7132,29,4,0,116,0
7133,32,10,0,309,1
7134,8,11,0,272,0
7135,13,23,10,9424,0
7136,999,0,0,0,1
7137,9,3,0,42,0
7138,30,2,0,23,0
7139,3,18,4,3288,0
7140,16,2,0,19,0
7141,47,1,0,8,1
7142,23,16,5,3882,0
7143,35,5,0,73,1
7144,3,6,0,75,0
7145,7,3,0,51,0
7146,7,6,0,170,0
7147,4,3,0,32,0
7148,31,3,0,16,1
7149,11,3,0,61,0
7150,34,6,0,94,1
7151,7,3,0,37,0
7152,1,12,1,382,0
7153,11,3,0,50,0
7154,2,2,0,11,0
7155,42,3,0,70,1
7156,8,6,0,138,0
7157,22,5,0,104,0
7158,3,12,1,440,0
7159,5,7,0,139,0
7160,69,2,0,34,1
7161,22,1,0,6,0
7162,999,0,0,0,1
7163,22,6,0,111,0
7164,31,1,0,18,1
7165,20,2,0,35,0
7166,6,1,0,6,0
7167,999,0,0,0,1
7168,1,22,9,8435,0
7169,41,2,0,12,1
7170,131,1,0,3,1
7171,21,7,0,184,0
7172,2,8,0,185,0
7173,2,12,1,317,0
7174,47,2,0,17,1
7175,29,6,0,120,0
7176,6,24,10,10585,0
7177,32,9,0,161,1
7178,3,28,5,6550,0
7179,17,4,0,79,0
7180,16,3,0,22,0
7181,5,6,0,102,0
7182,13,3,0,45,0
7183,57,4,0,104,1
7184,9,7,0,88,0
7185,3,2,0,43,0
7186,7,6,0,84,0
7187,1,25,11,10909,0
7188,8,6,0,104,0
7189,100,4,0,43,1
7190,20,8,0,178,0
7191,3,4,0,98,0
7192,1,4,0,60,0
7193,28,1,0,14,0
7194,39,10,0,183,1
7195,999,0,0,0,1
7196,51,9,0,378,1
7197,62,2,1,42,1
7198,5,7,0,73,0
7199,999,0,0,0,1
7200,14,3,0,33,0
7201,2,2,0,16,0
7202,5,2,0,9,0
7203,41,3,0,70,1
7204,10,8,1,152,0
7205,999,0,0,0,1
7206,5,13,0,463,0
7207,2,10,0,226,0
7208,5,6,0,138,0
7209,30,5,0,78,0
7210,73,6,0,147,1
7211,68,3,0,71,1
7212,35,2,0,39,1
7213,999,0,0,0,1
7214,89,6,0,182,1
7215,11,3,0,17,0
7216,6,5,0,60,0
7217,8,1,0,15,0
7218,1,7,0,159,0
7219,40,10,0,270,1
7220,50,2,0,27,1
7221,2,21,8,6070,0
7222,3,28,10,14214,0
7223,999,0,0,0,1
7224,8,5,0,107,0
7225,97,4,0,74,1
7226,26,2,0,29,0
7227,54,11,0,286,1
7228,19,10,0,190,0
7229,25,3,0,25,0
7230,999,0,0,0,1
7231,6,9,0,148,0
7232,43,8,0,167,1
7233,36,4,0,120,1
7234,15,4,0,36,0
7235,28,4,0,59,0
7236,12,4,0,52,0
7237,7,1,0,12,0
7238,5,5,1,123,0
7239,10,12,0,370,0
7240,54,3,0,19,1
7241,11,16,7,4029,0
7242,59,3,0,24,1
7243,4,5,0,46,0
7244,999,0,0,0,1
7245,59,7,0,159,1
7246,116,2,0,28,1
7247,112,1,0,14,1
7248,47,1,0,24,1
7249,9,20,12,9857,0
7250,6,8,0,268,0
7251,5,3,0,35,0
7252,22,4,0,49,0
7253,28,2,0,42,0
7254,3,17,2,853,0
7255,59,1,0,11,1
7256,2,3,0,41,0
7257,5,9,1,203,0
7258,2,9,0,171,0
7259,3,10,0,247,0
7260,999,0,0,0,1
7261,17,25,6,6121,0
7262,22,7,0,207,0
7263,35,2,0,20,1
7264,13,5,0,116,0
7265,7,12,0,383,0
7266,34,2,0,19,1
7267,128,1,0,20,1
7268,115,1,0,5,1
7269,51,1,0,6,1
7270,5,30,9,12059,0
7271,23,12,0,364,0
7272,999,0,0,0,1
7273,145,2,0,24,1
7274,8,2,0,19,0
7275,42,7,0,277,1
7276,34,9,0,240,1
7277,120,2,0,33,1
7278,14,2,0,56,0
7279,3,28,11,13906,0
7280,4,17,7,4959,0
7281,2,5,0,64,0
7282,20,2,0,14,0
7283,35,7,0,116,1
7284,145,7,1,154,1
7285,56,5,0,55,1
7286,4,6,0,128,0
7287,27,7,0,136,0
7288,49,3,0,44,1
7289,3,6,0,104,0
7290,12,12,0,399,0
7291,40,2,0,25,1
7292,1,19,7,7617,0
7293,8,6,0,114,0
7294,88,1,0,11,1
7295,33,11,0,355,1
7296,69,8,0,253,1
7297,48,5,0,72,1
7298,14,5,0,72,0
7299,93,2,0,30,1
7300,19,6,0,160,0
7301,6,18,8,6060,0
7302,12,2,0,28,0
7303,40,7,0,177,1
7304,222,2,0,32,1
7305,4,10,0,198,0
7306,11,3,0,53,0
7307,67,2,0,18,1
7308,4,25,6,7955,0
7309,2,5,0,124,0
7310,999,0,0,0,1
7311,11,12,0,417,0
7312,27,17,6,5157,0
7313,7,2,0,14,0
7314,150,1,0,3,1
7315,4,9,0,216,0
7316,999,0,0,0,1
7317,8,13,0,417,0
7318,8,11,0,328,0
7319,10,4,0,66,0
7320,3,6,1,114,0
7321,44,2,0,11,1
7322,20,6,0,80,0
7323,6,5,0,95,0
7324,13,7,0,121,0
7325,4,16,2,981,0
7326,47,1,0,5,1
7327,18,7,0,132,0
7328,999,0,0,0,1
7329,999,0,0,0,1
7330,1,25,10,9933,0
7331,25,2,0,46,0
7332,2,14,0,297,0
7333,5,4,0,93,0
7334,26,3,0,38,0
7335,2,10,0,289,0
7336,89,11,4,2258,1
7337,9,3,0,34,0
7338,18,12,0,310,0
7339,126,2,0,24,1
7340,2,6,0,99,0
7341,4,4,0,51,0
7342,1,13,1,333,0
7343,2,11,0,414,0
7344,3,1,0,10,0
7345,43,1,0,16,1
7346,132,3,0,71,1
7347,2,6,0,221,0
7348,18,4,0,28,0
7349,48,3,0,31,1
7350,7,9,0,329,0
7351,13,9,0,213,0
7352,29,3,0,35,0
7353,84,4,0,71,1
7354,1,33,11,14270,0
7355,2,20,8,6936,0
7356,21,7,0,170,0
7357,46,2,0,18,1
7358,93,2,0,20,1
7359,7,3,0,21,0
7360,3,9,0,206,0
7361,5,3,0,14,0
7362,31,3,0,35,1
7363,35,2,0,15,1
7364,4,4,0,66,0
7365,2,9,0,196,0
7366,61,3,0,44,1
7367,999,0,0,0,1
7368,9,3,0,47,0
7369,91,4,0,68,1
7370,134,1,0,20,1
7371,40,5,2,298,1
7372,19,16,7,4556,0
7373,5,23,6,5653,0
7374,103,1,0,6,1
7375,68,5,0,93,1
7376,4,7,0,123,0
7377,6,7,0,207,0
7378,25,6,0,128,0
7379,4,17,1,495,0
7380,2,7,0,118,0
7381,51,4,0,100,1
7382,29,6,0,102,0
7383,24,3,0,24,0
7384,13,6,0,92,0
7385,15,20,7,6125,0
7386,1,15,0,435,0
7387,99,1,0,7,1
7388,154,4,0,56,1
7389,2,25,10,9026,0
7390,57,6,1,108,1
7391,1,15,2,870,0
7392,80,2,0,34,1
7393,3,25,6,5477,0
7394,12,6,0,88,0
7395,8,9,0,305,0
7396,4,3,0,43,0
7397,6,21,7,5626,0
7398,10,8,0,149,0
7399,33,17,8,5064,1
7400,3,11,1,375,0
7401,6,3,0,33,0
7402,14,19,8,5554,0
7403,27,1,0,9,0
7404,27,4,0,42,0
7405,7,6,0,135,0
7406,2,3,0,39,0
7407,15,2,0,12,0
7408,7,15,9,5458,0
7409,105,3,0,46,1
7410,236,1,0,13,1
7411,133,1,0,24,1
7412,43,4,0,113,1
7413,6,15,3,1661,0
7414,72,7,0,142,1
7415,192,1,0,13,1
7416,7,6,0,158,0
7417,26,7,0,125,0
7418,102,1,0,25,1
7419,25,1,0,5,0
7420,16,3,0,55,0
7421,4,5,0,146,0
7422,16,8,1,201,0
7423,97,6,0,118,1
7424,4,3,0,29,0
7425,20,2,0,27,0
7426,13,4,0,66,0
7427,86,4,0,82,1
7428,12,9,0,280,0
7429,88,2,0,23,1
7430,10,6,0,131,0
7431,14,1,0,6,0
7432,36,4,0,66,1
7433,203,1,0,5,1
7434,12,1,0,7,0
7435,20,3,0,43,0
7436,1,6,0,121,0
7437,3,11,0,261,0
7438,32,3,0,68,1
7439,58,3,0,45,1
7440,1,15,0,500,0
7441,227,5,0,83,1
7442,59,9,0,298,1
7443,27,5,0,119,0
7444,6,5,0,151,0
7445,49,4,0,81,1
7446,4,8,0,159,0
7447,999,0,0,0,1
7448,37,3,0,35,1
7449,1,21,12,11347,0
7450,6,7,0,152,0
7451,6,11,0,194,0
7452,3,8,0,184,0
7453,2,14,9,5475,0
7454,59,2,0,29,1
7455,2,24,9,9303,0
7456,17,2,0,29,0
7457,113,2,0,17,1
7458,20,6,0,135,0
7459,8,4,0,111,0
7460,8,11,0,466,0
7461,16,3,0,28,0
7462,13,17,4,2809,0
7463,3,5,0,79,0
7464,11,6,0,105,0
7465,7,7,0,104,0
7466,16,3,0,31,0
7467,10,5,0,102,0
7468,45,3,0,36,1
7469,134,6,0,162,1
7470,13,4,0,23,0
7471,8,8,0,304,0
7472,66,1,0,5,1
7473,22,3,0,28,0
7474,34,6,1,125,1
7475,1,23,14,15005,0
7476,28,9,0,211,0
7477,237,1,0,8,1
7478,96,4,0,81,1
7479,3,7,0,120,0
7480,22,6,0,113,0
7481,15,8,0,222,0
7482,3,12,0,387,0
7483,88,2,0,14,1
7484,4,5,0,82,0
7485,57,6,0,121,1
7486,999,0,0,0,1
7487,56,2,0,15,1
7488,19,9,1,267,0
7489,10,9,0,181,0
7490,9,2,0,37,0
7491,22,2,0,24,0
7492,1,6,0,117,0
7493,13,11,0,264,0
7494,8,10,0,253,0
7495,19,3,0,29,0
7496,174,3,0,36,1
7497,68,9,1,205,1
7498,4,2,0,36,0
7499,2,22,3,2811,0
7500,13,18,3,2300,0
7501,67,5,0,81,1
7502,5,11,0,256,0
7503,8,1,0,5,0
7504,103,1,0,9,1
7505,28,2,0,18,0
7506,2,8,1,289,0
7507,30,11,0,333,0
7508,17,6,0,118,0
7509,33,9,0,163,1
7510,188,1,0,8,1
7511,8,13,5,3305,0
7512,8,9,0,308,0
7513,8,3,0,54,0
7514,13,20,8,6835,0
7515,4,7,0,136,0
7516,5,14,2,721,0
7517,15,10,0,219,0
7518,32,2,0,24,1
7519,60,1,0,8,1
7520,96,2,0,19,1
7521,34,6,0,169,1
7522,4,12,0,443,0
7523,1,6,0,178,0
7524,4,3,0,55,0
7525,54,2,0,21,1
7526,187,5,0,95,1
7527,92,3,0,45,1
7528,10,15,4,2538,0
7529,8,3,0,32,0
7530,13,4,0,48,0
7531,2,11,0,200,0
7532,36,3,0,68,1
7533,91,2,0,26,1
7534,101,1,0,4,1
7535,15,5,0,65,0
7536,1,5,0,64,0
7537,3,9,0,195,0
7538,5,5,0,84,0
7539,9,4,0,58,0
7540,90,1,0,15,1
7541,7,8,0,195,0
7542,2,16,10,7448,0
7543,56,2,0,20,1
7544,48,1,0,13,1
7545,8,9,0,150,0
7546,38,1,0,24,1
7547,38,3,0,38,1
7548,1,5,0,85,0
7549,34,9,0,216,1
7550,62,6,0,96,1
7551,3,3,0,36,0
7552,17,2,0,14,0
7553,40,10,1,335,1
7554,147,1,0,11,1
7555,3,11,0,364,0
7556,34,5,0,71,1
7557,2,12,0,403,0
7558,31,5,0,117,1
7559,10,3,0,44,0
7560,261,1,0,9,1
7561,13,17,1,485,0
7562,10,4,0,98,0
7563,77,6,0,166,1
7564,6,2,0,13,0
7565,92,2,0,21,1
7566,14,3,0,34,0
7567,45,3,0,37,1
7568,2,9,0,335,0
7569,27,2,0,21,0
7570,164,1,0,16,1
7571,208,1,0,12,1
7572,9,3,0,29,0
7573,20,8,0,290,0
7574,7,32,14,19894,0
7575,42,4,0,64,1
7576,13,24,10,10858,0
7577,13,1,0,7,0
7578,34,7,0,214,1
7579,171,1,0,7,1
7580,16,14,0,493,0
7581,4,17,4,3382,0
7582,6,9,0,194,0
7583,48,5,0,107,1
7584,5,7,0,85,0
7585,2,7,0,135,0
7586,55,6,1,187,1
7587,20,5,0,85,0
7588,999,0,0,0,1
7589,999,0,0,0,1
7590,999,0,0,0,1
7591,999,0,0,0,1
7592,185,1,0,10,1
7593,84,1,0,27,1
7594,34,5,0,66,1
7595,4,25,7,8278,0
7596,50,1,0,14,1
7597,48,5,0,63,1
7598,25,3,1,59,0
7599,2,9,0,205,0
7600,18,1,0,11,0
7601,4,28,14,16943,0
7602,29,4,0,77,0
7603,57,3,0,26,1
7604,2,17,6,3389,0
7605,27,6,0,158,0
7606,12,6,0,168,0
7607,11,2,0,34,0
7608,226,3,0,34,1
7609,2,14,0,260,0
7610,2,7,0,132,0
7611,16,10,0,295,0
7612,20,2,0,48,0
7613,59,3,0,33,1
7614,16,11,0,196,0
7615,999,0,0,0,1
7616,22,21,7,6784,0
7617,4,19,1,465,0
7618,218,2,0,64,1
7619,67,2,0,26,1
7620,24,4,0,102,0
7621,228,1,0,13,1
7622,19,6,0,127,0
7623,16,5,0,110,0
7624,20,1,0,11,0
7625,19,3,0,28,0
7626,22,3,0,67,0
7627,2,5,0,91,0
7628,7,7,1,219,0
7629,3,2,0,25,0
7630,37,2,0,33,1
7631,30,1,0,21,0
7632,129,1,0,14,1
7633,1,14,0,429,0
7634,11,4,0,51,0
7635,43,5,0,68,1
7636,24,3,0,21,0
7637,6,10,0,256,0
7638,13,4,0,96,0
7639,98,1,0,14,1
7640,12,3,0,22,0
7641,13,7,0,133,0
7642,43,1,0,17,1
7643,80,6,0,201,1
7644,141,1,0,8,1
7645,13,4,0,23,0
7646,27,4,0,73,0
7647,61,4,0,101,1
7648,6,10,0,228,0
7649,34,8,0,263,1
7650,11,5,0,68,0
7651,15,10,2,566,0
7652,3,14,0,411,0
7653,102,1,0,2,1
7654,2,8,0,264,0
7655,999,0,0,0,1
7656,10,4,0,36,0
7657,42,3,0,65,1
7658,2,7,1,223,0
7659,7,2,0,40,0
7660,2,24,5,5503,0
7661,35,6,0,177,1
7662,11,10,0,180,0
7663,36,2,0,19,1
7664,18,9,0,193,0
7665,999,0,0,0,1
7666,10,10,0,291,0
7667,29,3,0,86,0
7668,20,10,0,350,0
7669,119,2,0,35,1
7670,30,4,0,63,0
7671,25,1,0,6,0
7672,6,5,0,66,0
7673,120,1,0,7,1
7674,2,5,0,126,0
7675,5,16,1,437,0
7676,1,6,0,200,0
7677,112,5,0,79,1
7678,27,2,0,44,0
7679,999,0,0,0,1
7680,3,8,1,306,0
7681,34,4,0,45,1
7682,2,25,6,7288,0
7683,4,16,1,432,0
7684,49,2,0,40,1
7685,73,1,0,6,1
7686,15,7,0,201,0
7687,7,2,0,10,0
7688,2,2,0,36,0
7689,6,3,0,53,0
7690,21,4,0,48,0
7691,47,7,1,214,1
7692,18,7,1,245,0
7693,45,9,1,275,1
7694,28,2,0,35,0
7695,86,3,0,27,1
7696,999,0,0,0,1
7697,3,2,0,15,0
7698,38,4,0,47,1
7699,19,7,1,201,0
7700,2,12,1,400,0
7701,163,1,0,7,1
7702,147,3,0,27,1
7703,19,5,1,178,0
7704,1,5,0,68,0
7705,8,23,9,8504,0
7706,192,3,0,38,1
7707,999,0,0,0,1
7708,69,1,0,17,1
7709,5,3,0,29,0
7710,5,18,13,11527,0
7711,13,11,3,1336,0
7712,2,12,0,300,0
7713,94,1,0,6,1
7714,17,16,0,518,0
7715,223,1,0,12,1
7716,194,1,0,10,1
7717,999,0,0,0,1
7718,31,4,0,113,1
7719,4,10,0,194,0
7720,1,11,0,274,0
7721,29,3,0,56,0
7722,7,7,0,270,0
7723,14,15,1,523,0
7724,2,6,0,99,0
7725,4,6,0,143,0
7726,2,14,0,475,0
7727,7,3,0,46,0
7728,35,4,0,66,1
7729,41,10,0,249,1
7730,231,1,0,15,1
7731,12,4,0,73,0
7732,34,2,0,29,1
7733,64,2,0,21,1
7734,3,26,9,9931,0
7735,33,1,0,24,1
7736,251,1,0,24,1
7737,29,13,0,429,0
7738,69,3,0,52,1
7739,11,2,0,34,0
7740,8,19,8,6930,0
7741,3,23,10,10682,0
7742,7,6,0,121,0
7743,25,7,0,214,0
7744,7,11,0,281,0
7745,25,4,0,25,0
7746,59,5,0,86,1
7747,64,1,0,8,1
7748,26,15,2,981,0
7749,18,2,0,30,0
7750,2,10,0,292,0
7751,7,10,1,308,0
7752,4,23,10,10187,0
7753,9,15,4,2470,0
7754,114,2,0,24,1
7755,15,12,1,329,0
7756,83,3,0,43,1
7757,218,2,0,17,1
7758,101,1,0,12,1
7759,999,0,0,0,1
7760,10,9,0,222,0
7761,11,9,0,229,0
7762,28,5,0,117,0
7763,11,3,0,33,0
7764,1,10,0,272,0
7765,27,5,0,74,0
7766,6,20,14,10698,0
7767,39,4,0,96,1
7768,999,0,0,0,1
7769,57,1,0,5,1
7770,23,2,0,64,0
7771,255,1,0,6,1
7772,2,13,0,388,0
7773,16,8,0,144,0
7774,4,15,7,4680,0
7775,1,7,0,143,0
7776,208,1,0,13,1
7777,49,5,0,88,1
7778,11,10,0,323,0
7779,23,3,0,79,0
7780,277,1,0,6,1
7781,14,2,0,28,0
7782,21,2,0,12,0
7783,73,2,0,18,1
7784,83,2,0,21,1
7785,122,3,0,51,1
7786,999,0,0,0,1
7787,29,4,0,85,0
7788,17,6,0,100,0
7789,12,8,0,155,0
7790,168,1,0,7,1
7791,2,17,5,3149,0
7792,8,3,0,78,0
7793,15,3,0,85,0
7794,8,17,12,8758,0
7795,8,13,1,447,0
7796,8,5,0,121,0
7797,18,3,0,44,0
7798,19,4,0,74,0
7799,86,1,0,13,1
7800,1,19,12,9583,0
7801,28,7,0,119,0
7802,33,1,0,2,1
7803,10,3,0,30,0
7804,999,0,0,0,1
7805,19,13,0,399,0
7806,3,17,1,513,0
7807,999,0,0,0,1
7808,1,5,0,111,0
7809,3,12,0,319,0
7810,21,2,0,24,0
7811,17,8,0,165,0
7812,6,3,0,23,0
7813,24,2,0,18,0
7814,26,5,1,112,0
7815,19,8,0,153,0
7816,97,6,0,133,1
7817,14,11,1,392,0
7818,2,8,0,222,0
7819,8,6,0,131,0
7820,9,11,1,344,0
7821,19,11,2,664,0
7822,64,15,3,2075,1
7823,120,2,0,42,1
7824,19,3,0,21,0
7825,4,3,0,43,0
7826,3,8,0,203,0
7827,38,6,0,57,1
7828,18,18,5,3886,0
7829,3,5,1,152,0
7830,10,2,0,37,0
7831,999,0,0,0,1
7832,19,2,0,20,0
7833,2,7,0,166,0
7834,7,2,0,20,0
7835,286,1,0,16,1
7836,44,3,0,46,1
7837,999,0,0,0,1
7838,71,4,0,81,1
7839,4,11,1,352,0
7840,9,7,1,138,0
7841,6,21,7,5325,0
7842,8,17,2,1088,0
7843,15,8,0,148,0
7844,3,13,0,459,0
7845,6,11,1,268,0
7846,19,11,1,319,0
7847,107,3,0,31,1
7848,30,1,0,10,0
7849,43,3,0,50,1
7850,1,1,0,5,0
7851,6,17,7,4296,0
7852,4,2,0,6,0
7853,35,6,0,146,1
7854,3,17,5,3505,0
7855,123,1,0,6,1
7856,26,8,0,268,0
7857,18,9,0,205,0
7858,55,5,0,129,1
7859,23,1,0,10,0
7860,31,3,0,71,1
7861,81,2,0,40,1
7862,102,3,0,54,1
7863,169,1,0,10,1
7864,14,4,0,55,0
7865,1,8,0,204,0
7866,18,5,0,135,0
7867,28,12,6,3494,0
7868,1,13,0,396,0
7869,41,2,0,22,1
7870,27,4,0,64,0
7871,12,12,0,414,0
7872,20,2,0,17,0
7873,14,7,0,123,0
7874,16,4,0,70,0
7875,23,4,0,73,0
7876,78,1,0,4,1
7877,9,27,13,15383,0
7878,78,4,0,49,1
7879,8,1,0,13,0
7880,26,1,0,11,0
7881,5,3,0,24,0
7882,3,12,1,280,0
7883,24,5,0,105,0
7884,8,1,0,9,0
7885,16,9,2,664,0
7886,20,3,0,36,0
7887,1,8,0,214,0
7888,52,6,0,134,1
7889,18,1,0,6,0
7890,12,20,7,6105,0
7891,39,2,0,13,1
7892,18,2,0,27,0
7893,8,22,3,3224,0
7894,15,5,1,142,0
7895,12,14,2,1135,0
7896,106,3,0,67,1
7897,3,9,1,207,0
7898,159,2,0,27,1
7899,18,3,0,49,0
7900,8,3,0,47,0
7901,5,9,0,284,0
7902,75,1,0,9,1
7903,5,4,0,81,0
7904,44,10,0,301,1
7905,4,10,0,188,0
7906,37,1,0,10,1
7907,107,5,0,80,1
7908,3,10,0,224,0
7909,12,4,0,72,0
7910,35,5,0,110,1
7911,999,0,0,0,1
7912,4,18,8,6025,0
7913,11,4,0,53,0
7914,24,13,0,408,0
7915,5,1,0,14,0
7916,74,10,0,276,1
7917,1,27,9,10307,0
7918,119,2,0,25,1
7919,12,12,1,321,0
7920,12,3,0,48,0
7921,97,1,0,16,1
7922,93,1,0,18,1
7923,125,2,0,30,1
7924,1,3,0,49,0
7925,138,1,0,7,1
7926,8,2,0,17,0
7927,25,3,0,47,0
7928,38,11,0,215,1
7929,3,6,0,208,0
7930,48,3,0,40,1
7931,63,4,0,92,1
7932,4,22,10,10623,0
7933,12,3,0,24,0
7934,9,11,0,211,0
7935,116,5,0,201,1
7936,16,3,0,27,0
7937,286,1,0,18,1
7938,2,7,0,184,0
7939,3,4,0,65,0
7940,5,13,1,294,0
7941,999,0,0,0,1
7942,71,4,0,69,1
7943,146,2,0,17,1
7944,51,5,0,74,1
7945,7,15,0,381,0
7946,75,2,0,15,1
7947,13,2,0,14,0
7948,88,5,0,87,1
7949,7,6,0,90,0
7950,9,8,0,133,0
7951,33,1,0,10,1
7952,5,10,1,254,0
7953,1,22,4,4144,0
7954,57,3,0,30,1
7955,95,3,0,65,1
7956,4,6,0,105,0
7957,999,0,0,0,1
7958,5,1,0,7,0
7959,10,4,0,98,0
7960,37,7,1,197,1
7961,71,6,0,77,1
7962,8,5,0,64,0
7963,11,9,0,227,0
7964,5,38,14,24732,0
7965,10,1,0,27,0
7966,37,6,0,185,1
7967,39,2,0,31,1
7968,7,4,0,41,0
7969,9,19,7,4989,0
7970,2,21,1,733,0
7971,27,5,0,174,0
7972,22,2,0,40,0
7973,21,1,0,8,0
7974,8,1,0,3,0
7975,3,4,0,50,0
7976,26,1,0,17,0
7977,6,7,0,198,0
7978,8,8,0,90,0
7979,87,2,0,14,1
7980,6,9,0,146,0
7981,9,7,0,257,0
7982,14,8,1,238,0
7983,27,8,0,170,0
7984,151,3,0,21,1
7985,7,8,1,215,0
7986,88,1,0,15,1
7987,19,8,0,173,0
7988,3,6,0,112,0
7989,49,2,0,28,1
7990,999,0,0,0,1
7991,999,0,0,0,1
7992,19,4,0,41,0
7993,3,13,0,336,0
7994,6,3,0,73,0
7995,3,8,0,193,0
7996,4,12,3,1727,0
7997,232,2,0,14,1
7998,7,26,10,11163,0
7999,999,0,0,0,1
8000,999,0,0,0,1
8001,999,0,0,0,1
8002,5,9,0,238,0
8003,71,6,0,115,1
8004,101,1,0,11,1
8005,1,2,0,37,0
8006,125,1,0,9,1
8007,110,3,0,30,1
8008,11,21,8,7184,0
8009,162,3,0,17,1
8010,29,2,0,17,0
8011,269,1,0,19,1
8012,5,20,6,5700,0
8013,105,4,0,120,1
8014,23,1,0,12,0
8015,16,1,0,8,0
8016,33,2,0,30,1
8017,9,16,1,483,0
8018,27,2,0,48,0
8019,9,3,0,38,0
8020,75,3,0,42,1
8021,176,1,0,17,1
8022,48,5,0,104,1
8023,55,1,0,24,1
8024,4,8,0,150,0
8025,78,2,0,29,1
8026,12,12,0,327,0
8027,3,25,9,9344,0
8028,55,4,0,67,1
8029,166,2,0,23,1
8030,1,4,0,64,0
8031,33,10,1,287,1
8032,5,10,0,290,0
8033,16,13,1,324,0
8034,9,7,0,212,0
8035,39,6,0,125,1
8036,14,1,0,5,0
8037,13,4,0,43,0
8038,12,7,0,146,0
8039,30,13,2,816,0
8040,5,16,0,525,0
8041,35,2,0,33,1
8042,27,8,0,308,0
8043,5,14,0,385,0
8044,6,15,4,2464,0
8045,18,2,0,33,0
8046,20,6,0,152,0
8047,171,1,0,24,1
8048,5,3,0,18,0
8049,14,10,0,246,0
8050,49,6,0,88,1
8051,16,7,0,231,0
8052,9,5,0,102,0
8053,185,2,0,30,1
8054,2,3,0,25,0
8055,55,1,0,5,1
8056,56,2,0,12,1
8057,256,1,0,10,1
8058,12,2,0,17,0
8059,14,11,0,269,0
8060,8,20,7,5882,0
8061,62,2,0,31,1
8062,25,3,0,24,0
8063,188,2,0,18,1
8064,57,2,0,23,1
8065,43,12,0,327,1
8066,9,11,0,279,0
8067,62,3,0,48,1
8068,47,5,0,128,1
8069,2,18,7,6021,0
8070,8,1,0,7,0
8071,36,8,0,248,1
8072,38,7,2,425,1
8073,75,6,0,197,1
8074,96,4,0,76,1
8075,8,1,0,17,0
8076,258,2,0,17,1
8077,36,5,0,98,1
8078,12,5,0,106,0
8079,49,1,0,15,1
8080,128,1,0,8,1
8081,7,4,0,59,0
8082,12,3,0,42,0
8083,13,5,0,98,0
8084,3,2,0,22,0
8085,999,0,0,0,1
8086,5,14,0,379,0
8087,78,1,0,4,1
8088,25,5,0,88,0
8089,17,2,0,13,0
8090,2,20,10,10506,0
8091,7,8,0,169,0
8092,7,6,0,184,0
8093,16,4,0,84,0
8094,17,14,0,376,0
8095,6,3,0,74,0
8096,13,22,5,4920,0
8097,18,2,0,19,0
8098,321,1,0,10,1
8099,75,6,0,148,1
8100,34,6,0,118,1
8101,64,2,0,29,1
8102,17,1,0,20,0
8103,28,5,0,89,0
8104,7,14,1,416,0
8105,9,5,0,75,0
8106,999,0,0,0,1
8107,16,10,1,233,0
8108,88,2,0,14,1
8109,1,13,1,352,0
8110,19,2,0,20,0
8111,58,2,0,26,1
8112,22,2,0,39,0
8113,28,7,0,119,0
8114,19,1,0,10,0
8115,28,1,0,7,0
8116,26,3,0,51,0
8117,22,5,0,91,0
8118,34,16,2,1034,1
8119,21,1,0,14,0
8120,185,2,0,24,1
8121,16,3,0,56,0
8122,14,2,0,41,0
8123,31,4,0,48,1
8124,1,12,0,338,0
8125,4,7,0,132,0
8126,39,2,0,22,1
8127,131,1,0,14,1
8128,22,7,0,148,0
8129,119,2,0,19,1
8130,3,7,0,147,0
8131,12,1,0,9,0
8132,999,0,0,0,1
8133,15,7,0,130,0
8134,67,1,0,16,1
8135,9,9,0,212,0
8136,10,9,0,176,0
8137,30,2,0,21,0
8138,999,0,0,0,1
8139,6,7,0,195,0
8140,16,13,1,362,0
8141,20,3,0,32,0
8142,18,5,0,88,0
8143,2,14,0,333,0
8144,5,17,3,2457,0
8145,52,1,0,4,1
8146,15,16,0,420,0
8147,10,29,19,23153,0
8148,6,14,5,3185,0
8149,34,2,0,21,1
8150,41,4,0,102,1
8151,18,9,0,315,0
8152,8,22,12,11992,0
8153,43,4,0,47,1
8154,1,27,7,8213,0
8155,14,2,0,22,0
8156,30,3,0,31,0
8157,30,3,0,48,0
8158,8,13,0,327,0
8159,999,0,0,0,1
8160,77,2,0,14,1
8161,62,5,0,199,1
8162,14,14,1,429,0
8163,39,1,0,5,1
8164,6,2,0,26,0
8165,5,6,0,239,0
8166,14,20,8,7441,0
8167,53,3,0,65,1
8168,116,2,0,33,1
8169,127,3,0,32,1
8170,2,9,0,242,0
8171,143,2,0,17,1
8172,183,1,0,15,1
8173,57,5,0,57,1
8174,9,10,1,346,0
8175,15,7,0,168,0
8176,23,4,0,39,0
8177,78,2,0,27,1
8178,27,5,0,92,0
8179,44,5,0,38,1
8180,30,5,0,96,0
8181,3,4,0,104,0
8182,2,20,5,4188,0
8183,118,1,0,2,1
8184,138,2,0,15,1
8185,99,3,0,27,1
8186,34,1,0,8,1
8187,13,6,0,146,0
8188,132,4,0,84,1
8189,75,3,0,80,1
8190,999,0,0,0,1
8191,14,22,9,8102,0
8192,46,6,0,117,1
8193,1,16,0,488,0
8194,15,5,0,88,0
8195,5,2,0,28,0
8196,15,21,11,11279,0
8197,1,5,0,88,0
8198,38,11,0,266,1
8199,999,0,0,0,1
8200,6,10,1,348,0
8201,9,17,0,261,0
8202,8,19,5,4305,0
8203,37,4,0,65,1
8204,14,7,0,145,0
8205,3,4,0,104,0
8206,11,8,0,159,0
8207,14,4,0,54,0
8208,46,1,0,11,1
8209,34,5,0,107,1
8210,35,1,0,14,1
8211,177,2,0,37,1
8212,3,3,0,16,0
8213,12,7,0,177,0
8214,5,7,0,167,0
8215,6,19,8,7001,0
8216,1,7,0,132,0
8217,49,8,1,302,1
8218,88,3,0,27,1
8219,6,8,0,213,0
8220,11,5,1,133,0
8221,14,1,0,15,0
8222,63,9,0,287,1
8223,121,1,0,7,1
8224,60,4,0,56,1
8225,48,5,0,201,1
8226,999,0,0,0,1
8227,999,0,0,0,1
8228,2,13,0,284,0
8229,17,11,1,341,0
8230,9,5,0,134,0
8231,114,1,0,24,1
8232,8,12,2,761,0
8233,999,0,0,0,1
8234,50,5,0,93,1
8235,148,1,0,15,1
8236,4,13,2,782,0
8237,3,7,0,125,0
8238,30,7,0,110,0
8239,4,8,2,527,0
8240,1,4,0,44,0
8241,8,3,0,44,0
8242,40,1,0,14,1
8243,115,1,0,9,1
8244,999,0,0,0,1
8245,6,19,9,9345,0
8246,7,2,0,27,0
8247,999,0,0,0,1
8248,26,4,0,96,0
8249,2,6,0,93,0
8250,42,3,0,43,1
8251,15,1,0,6,0
8252,6,9,0,220,0
8253,5,2,0,26,0
8254,118,2,0,27,1
8255,3,6,0,119,0
8256,14,2,0,56,0
8257,34,6,0,156,1
8258,17,2,0,48,0
8259,45,6,0,78,1
8260,79,1,0,11,1
8261,22,10,0,380,0
8262,2,10,1,259,0
8263,2,3,0,34,0
8264,16,7,0,146,0
8265,6,5,0,70,0
8266,3,12,0,220,0
8267,31,6,0,152,1
8268,999,0,0,0,1
8269,28,3,0,49,0
8270,23,3,0,22,0
8271,53,5,0,109,1
8272,3,15,2,721,0
8273,50,4,0,105,1
8274,21,5,0,128,0
8275,138,4,0,68,1
8276,4,11,0,334,0
8277,16,4,0,75,0
8278,75,1,0,13,1
8279,19,12,0,287,0
8280,17,3,0,75,0
8281,32,3,0,43,1
8282,1,6,0,48,0
8283,20,2,0,16,0
8284,4,28,11,14060,0
8285,51,6,0,90,1
8286,2,21,10,10985,0
8287,19,6,0,124,0
8288,14,11,0,378,0
8289,2,4,0,69,0
8290,999,0,0,0,1
8291,8,8,0,287,0
8292,999,0,0,0,1
8293,999,0,0,0,1
8294,5,6,0,112,0
8295,3,6,0,84,0
8296,16,3,0,32,0
8297,13,1,0,13,0
8298,8,11,0,368,0
8299,43,2,0,37,1
8300,9,11,1,313,0
8301,999,0,0,0,1
8302,42,4,0,103,1
8303,2,7,0,163,0
8304,26,5,0,85,0
8305,2,4,0,125,0
8306,56,2,0,23,1
8307,7,9,0,189,0
8308,28,8,0,163,0
8309,36,4,0,58,1
8310,3,12,0,331,0
8311,13,9,1,341,0
8312,26,6,0,116,0
8313,5,5,0,42,0
8314,24,6,0,106,0
8315,85,1,0,16,1
8316,42,5,0,62,1
8317,25,3,0,46,0
8318,33,2,0,29,1
8319,22,3,0,27,0
8320,999,0,0,0,1
8321,40,9,1,355,1
8322,7,12,0,258,0
8323,64,2,0,20,1
8324,216,1,0,4,1
8325,3,5,0,89,0
8326,72,2,0,19,1
8327,14,3,0,34,0
8328,56,3,0,59,1
8329,3,11,1,314,0
8330,4,19,6,4542,0
8331,17,22,4,4192,0
8332,36,3,0,48,1
8333,13,8,0,165,0
8334,1,3,0,51,0
8335,182,1,0,10,1
8336,9,11,0,234,0
8337,24,10,1,339,0
8338,2,14,1,509,0
8339,2,14,0,465,0
8340,19,1,0,14,0
8341,2,14,1,386,0
8342,4,21,16,13377,0
8343,12,7,0,223,0
8344,2,27,14,17989,0
8345,35,5,0,111,1
8346,12,6,0,116,0
8347,1,8,0,147,0
8348,5,15,1,351,0
8349,7,13,0,400,0
8350,35,3,0,27,1
8351,9,25,9,9016,0
8352,141,2,0,19,1
8353,13,14,0,444,0
8354,4,6,0,159,0
8355,53,2,0,13,1
8356,58,2,0,34,1
8357,2,3,0,60,0
8358,62,5,0,197,1
8359,26,9,0,280,0
8360,70,2,0,17,1
8361,44,1,0,5,1
8362,999,0,0,0,1
8363,34,2,0,35,1
8364,9,3,0,37,0
8365,26,8,1,159,0
8366,13,15,6,4300,0
8367,5,8,0,219,0
8368,66,4,0,61,1
8369,2,8,0,181,0
8370,34,7,1,159,1
8371,2,2,0,12,0
8372,41,2,0,18,1
8373,5,21,5,4670,0
8374,188,1,0,8,1
8375,99,2,0,31,1
8376,215,2,0,21,1
8377,23,13,3,1072,0
8378,67,1,0,29,1
8379,22,8,0,134,0
8380,2,6,0,120,0
8381,1,33,10,14450,0
8382,51,1,0,9,1
8383,32,4,0,85,1
8384,21,4,0,42,0
8385,90,4,0,76,1
8386,1,11,0,269,0
8387,9,10,0,183,0
8388,2,12,0,279,0
8389,28,4,0,129,0
8390,24,5,0,83,0
8391,19,7,0,186,0
8392,5,5,0,92,0
8393,58,1,0,21,1
8394,102,4,0,97,1
8395,5,4,0,66,0
8396,999,0,0,0,1
8397,999,0,0,0,1
8398,1,10,0,231,0
8399,15,2,0,33,0
8400,29,6,0,80,0
8401,13,6,0,107,0
8402,35,12,1,384,1
8403,17,26,3,3679,0
8404,9,3,0,56,0
8405,32,7,0,88,1
8406,77,6,0,121,1
8407,16,8,1,250,0
8408,74,3,0,66,1
8409,116,1,0,24,1
8410,27,5,0,89,0
8411,24,4,0,70,0
8412,999,0,0,0,1
8413,9,7,2,444,0
8414,16,3,0,85,0
8415,13,8,0,212,0
8416,21,16,7,4853,0
8417,3,6,0,65,0
8418,20,4,0,83,0
8419,9,18,7,5475,0
8420,5,12,0,382,0
8421,2,2,0,12,0
8422,2,10,0,256,0
8423,6,28,9,10873,0
8424,75,1,0,3,1
8425,17,2,0,33,0
8426,176,5,0,75,1
8427,7,8,0,214,0
8428,24,9,2,521,0
8429,1,8,0,250,0
8430,85,7,0,227,1
8431,999,0,0,0,1
8432,13,10,0,332,0
8433,25,1,0,6,0
8434,24,6,1,194,0
8435,102,1,0,2,1
8436,51,7,0,152,1
8437,999,0,0,0,1
8438,42,1,0,17,1
8439,19,17,0,516,0
8440,35,2,0,25,1
8441,6,15,5,3162,0
8442,999,0,0,0,1
8443,180,2,0,8,1
8444,26,3,0,41,0
8445,227,1,0,17,1
8446,9,8,0,143,0
8447,56,2,0,17,1
8448,7,12,0,365,0
8449,1,17,9,5143,0
8450,46,3,0,35,1
8451,98,1,0,9,1
8452,7,17,1,469,0
8453,252,1,0,12,1
8454,154,4,0,49,1
8455,6,24,2,1911,0
8456,6,17,4,3364,0
8457,7,6,0,58,0
8458,50,11,5,1892,1
8459,102,3,0,42,1
8460,66,2,0,17,1
8461,26,6,0,118,0
8462,12,18,10,8185,0
8463,35,4,0,49,1
8464,33,2,0,26,1
8465,82,1,0,24,1
8466,14,5,0,76,0
8467,8,18,7,5125,0
8468,10,26,9,9731,0
8469,12,7,0,132,0
8470,21,5,0,137,0
8471,126,1,0,12,1
8472,47,5,0,116,1
8473,20,2,0,36,0
8474,5,29,13,16414,0
8475,37,10,3,999,1
8476,999,0,0,0,1
8477,1,11,1,245,0
8478,999,0,0,0,1
8479,4,22,9,10615,0
8480,53,2,0,23,1
8481,100,3,0,38,1
8482,1,3,0,40,0
8483,4,3,0,56,0
8484,107,1,0,24,1
8485,999,0,0,0,1
8486,13,3,0,35,0
8487,1,17,8,4859,0
8488,8,4,0,107,0
8489,3,12,0,385,0
8490,38,7,1,199,1
8491,1,3,0,44,0
8492,71,1,0,7,1
8493,64,1,0,6,1
8494,11,14,0,368,0
8495,22,9,0,261,0
8496,19,1,0,16,0
8497,11,10,0,305,0
8498,19,7,0,114,0
8499,13,7,0,141,0
8500,1,6,0,80,0
8501,14,4,0,119,0
8502,13,6,0,88,0
8503,21,5,0,81,0
8504,204,1,0,5,1
8505,15,5,0,178,0
8506,13,16,3,1920,0
8507,2,5,0,62,0
8508,324,1,0,14,1
8509,71,4,0,22,1
8510,91,1,0,17,1
8511,7,6,0,134,0
8512,7,10,0,331,0
8513,14,2,0,32,0
8514,3,10,0,248,0
8515,10,11,1,329,0
8516,23,4,0,66,0
8517,20,13,0,333,0
8518,8,21,5,3785,0
8519,8,2,0,22,0
8520,9,28,12,16992,0
8521,12,2,0,41,0
8522,81,3,0,52,1
8523,43,3,0,36,1
8524,3,8,0,302,0
8525,2,17,1,511,0
8526,55,3,0,41,1
8527,2,10,2,837,0
8528,6,4,0,90,0
8529,13,12,0,340,0
8530,7,8,0,236,0
8531,79,3,0,66,1
8532,31,7,0,123,1
8533,999,0,0,0,1
8534,19,11,0,346,0
8535,999,0,0,0,1
8536,5,10,2,589,0
8537,999,0,0,0,1
8538,999,0,0,0,1
8539,18,21,9,9089,0
8540,2,2,0,30,0
8541,35,4,0,56,1
8542,999,0,0,0,1
8543,17,1,0,13,0
8544,33,8,0,164,1
8545,31,1,0,4,1
8546,24,2,0,25,0
8547,2,16,3,2487,0
8548,41,5,0,107,1
8549,14,24,8,8238,0
8550,326,1,0,20,1
8551,42,7,0,159,1
8552,17,3,0,37,0
8553,1,7,0,157,0
8554,111,2,0,22,1
8555,20,4,0,47,0
8556,4,6,0,163,0
8557,57,8,0,151,1
8558,9,9,0,179,0
8559,62,1,0,11,1
8560,9,5,0,45,0
8561,12,6,1,152,0
8562,26,2,0,20,0
8563,17,17,6,3880,0
8564,48,1,0,6,1
8565,2,15,0,409,0
8566,21,5,0,64,0
8567,6,3,0,40,0
8568,8,6,0,131,0
8569,28,4,0,72,0
8570,31,4,0,34,1
8571,67,2,0,31,1
8572,5,10,0,289,0
8573,3,25,6,6199,0
8574,33,2,0,22,1
8575,15,2,0,25,0
8576,2,4,0,85,0
8577,13,12,1,367,0
8578,1,29,12,14708,0
8579,12,3,0,20,0
8580,15,3,0,54,0
8581,6,4,0,106,0
8582,21,3,0,34,0
8583,20,8,0,235,0
8584,138,2,0,50,1
8585,84,1,0,6,1
8586,10,6,0,132,0
8587,6,4,0,76,0
8588,5,13,0,365,0
8589,46,5,0,92,1
8590,26,2,0,12,0
8591,22,3,0,63,0
8592,1,22,13,14348,0
8593,37,6,0,171,1
8594,1,10,0,99,0
8595,61,3,0,64,1
8596,11,2,0,27,0
8597,98,2,0,19,1
8598,28,2,0,20,0
8599,7,24,9,9967,0
8600,30,8,1,230,0
8601,999,0,0,0,1
8602,34,1,0,5,1
8603,5,12,0,421,0
8604,8,5,0,91,0
8605,48,4,0,64,1
8606,3,28,6,6935,0
8607,54,4,0,54,1
8608,5,17,5,3958,0
8609,26,3,0,28,0
8610,12,5,0,69,0
8611,72,5,0,128,1
8612,2,1,0,6,0
8613,20,10,0,299,0
8614,43,3,0,29,1
8615,999,0,0,0,1
8616,29,4,0,53,0
8617,3,7,0,159,0
8618,26,7,0,185,0
8619,68,4,0,70,1
8620,9,2,0,14,0
8621,1,10,2,657,0
8622,158,2,0,63,1
8623,21,16,7,4731,0
8624,32,11,1,244,1
8625,4,8,0,152,0
8626,189,1,0,15,1
8627,5,5,0,131,0
8628,7,3,0,31,0
8629,35,7,0,139,1
8630,69,3,0,37,1
8631,999,0,0,0,1
8632,16,3,0,50,0
8633,15,13,0,400,0
8634,59,5,0,121,1
8635,12,18,8,5859,0
8636,6,13,0,386,0
8637,8,10,0,359,0
8638,4,19,11,8541,0
8639,2,23,6,6586,0
8640,9,23,9,8985,0
8641,198,1,0,21,1
8642,2,23,7,6095,0
8643,28,1,0,20,0
8644,39,6,0,144,1
8645,8,2,0,36,0
8646,61,3,0,38,1
8647,8,2,0,18,0
8648,75,3,0,44,1
8649,210,1,0,6,1
8650,999,0,0,0,1
8651,1,18,0,517,0
8652,9,16,1,533,0
8653,64,1,0,9,1
8654,1,9,0,171,0
8655,12,24,11,11089,0
8656,49,2,0,14,1
8657,13,6,0,115,0
8658,12,14,0,427,0
8659,21,3,0,63,0
8660,17,23,5,4851,0
8661,999,0,0,0,1
8662,4,5,1,132,0
8663,6,7,1,211,0
8664,241,1,0,7,1
8665,130,2,0,38,1
8666,5,6,1,147,0
8667,26,6,0,189,0
8668,6,3,0,52,0
8669,203,3,0,42,1
8670,22,2,0,38,0
8671,24,3,0,46,0
8672,14,5,0,116,0
8673,4,5,0,49,0
8674,7,7,0,145,0
8675,11,19,7,5974,0
8676,2,7,0,138,0
8677,24,6,0,43,0
8678,35,2,0,13,1
8679,12,12,0,331,0
8680,15,10,0,192,0
8681,37,1,0,22,1
8682,24,11,0,186,0
8683,5,9,1,267,0
8684,21,6,0,174,0
8685,26,1,0,14,0
8686,13,12,1,378,0
8687,30,3,0,36,0
8688,4,4,0,85,0
8689,24,1,0,5,0
8690,2,15,0,543,0
8691,6,3,0,30,0
8692,4,3,0,51,0
8693,6,2,0,15,0
8694,89,1,0,27,1
8695,265,1,0,21,1
8696,3,21,6,6121,0
8697,1,24,7,8005,0
8698,5,6,0,63,0
8699,7,3,0,32,0
8700,3,13,0,389,0
8701,36,2,0,22,1
8702,46,3,0,19,1
8703,26,8,0,253,0
8704,4,5,0,54,0
8705,25,5,0,50,0
8706,16,8,0,202,0
8707,24,2,0,22,0
8708,9,22,9,9143,0
8709,141,1,0,21,1
8710,67,3,0,34,1
8711,65,4,0,72,1
8712,12,10,0,293,0
8713,5,5,0,135,0
8714,999,0,0,0,1
8715,3,19,7,5456,0
8716,7,3,0,37,0
8717,2,19,5,4294,0
8718,1,15,10,7234,0
8719,58,10,1,368,1
8720,17,14,6,4076,0
8721,77,2,0,23,1
8722,241,2,0,37,1
8723,12,1,0,7,0
8724,25,2,0,25,0
8725,220,2,0,28,1
8726,2,10,0,271,0
8727,65,3,0,81,1
8728,15,4,0,93,0
8729,24,7,0,131,0
8730,28,7,0,86,0
8731,48,5,0,130,1
8732,13,1,0,5,0
8733,26,2,0,34,0
8734,194,5,0,98,1
8735,11,10,1,314,0
8736,1,8,0,149,0
8737,12,13,1,450,0
8738,49,3,0,20,1
8739,51,1,0,7,1
8740,1,13,1,326,0
8741,3,1,0,17,0
8742,49,2,0,29,1
8743,85,4,0,47,1
8744,20,24,6,6965,0
8745,2,22,9,8559,0
8746,999,0,0,0,1
8747,16,14,0,405,0
8748,29,4,0,80,0
8749,2,23,5,5521,0
8750,1,8,0,161,0
8751,33,1,0,11,1
8752,5,5,0,98,0
8753,16,2,0,30,0
8754,2,28,13,15873,0
8755,1,13,0,383,0
8756,1,16,1,449,0
8757,186,2,0,10,1
8758,59,5,0,104,1
8759,9,5,0,74,0
8760,3,14,2,952,0
8761,4,23,2,1918,0
8762,2,2,0,27,0
8763,11,3,0,52,0
8764,128,1,0,10,1
8765,64,5,0,138,1
8766,19,13,0,373,0
8767,14,8,0,202,0
8768,69,1,0,26,1
8769,2,6,0,83,0
8770,19,2,0,28,0
8771,23,4,0,61,0
8772,51,8,0,180,1
8773,4,4,0,77,0
8774,48,2,0,25,1
8775,42,5,0,129,1
8776,2,8,0,181,0
8777,32,1,0,23,1
8778,9,12,0,243,0
8779,16,6,0,99,0
8780,23,11,0,308,0
8781,63,2,0,29,1
8782,133,2,0,22,1
8783,20,11,1,409,0
8784,21,16,8,4822,0
8785,21,4,0,92,0
8786,158,4,0,64,1
8787,129,1,0,7,1
8788,4,9,0,279,0
8789,2,28,8,9875,0
8790,72,7,0,139,1
8791,25,3,0,24,0
8792,999,0,0,0,1
8793,8,17,1,512,0
8794,21,5,0,114,0
8795,62,2,0,31,1
8796,129,4,0,72,1
8797,15,4,0,133,0
8798,16,8,0,221,0
8799,11,3,0,62,0
8800,8,11,0,398,0
8801,57,1,0,18,1
8802,1,13,1,360,0
8803,33,8,0,277,1
8804,82,1,0,16,1
8805,103,1,0,8,1
8806,1,10,0,161,0
8807,999,0,0,0,1
8808,196,1,0,19,1
8809,16,4,0,75,0
8810,104,1,0,2,1
8811,22,8,0,137,0
8812,10,3,0,30,0
8813,54,4,0,42,1
8814,6,5,0,133,0
8815,21,6,0,92,0
8816,19,2,0,28,0
8817,4,3,0,73,0
8818,44,2,0,14,1
8819,5,9,0,308,0
8820,34,14,6,3504,1
8821,7,24,7,8053,0
8822,144,2,0,33,1
8823,22,12,0,316,0
8824,3,2,0,18,0
8825,72,1,0,8,1
8826,54,1,0,7,1
8827,2,17,7,4579,0
8828,29,4,0,23,0
8829,7,13,0,354,0
8830,6,6,0,112,0
8831,17,14,0,450,0
8832,4,1,0,13,0
8833,53,5,0,74,1
8834,17,3,0,48,0
8835,27,2,0,25,0
8836,46,6,1,129,1
8837,1,6,0,149,0
8838,4,4,0,73,0
8839,999,0,0,0,1
8840,95,6,0,90,1
8841,67,4,0,55,1
8842,20,13,0,331,0
8843,4,4,0,45,0
8844,9,1,0,9,0
8845,2,5,0,72,0
8846,2,27,13,17219,0
8847,16,2,0,18,0
8848,2,11,0,314,0
8849,7,11,0,307,0
8850,999,0,0,0,1
8851,27,1,0,9,0
8852,55,6,0,98,1
8853,15,4,0,45,0
8854,79,1,0,24,1
8855,41,6,0,112,1
8856,7,10,0,334,0
8857,8,27,14,16918,0
8858,144,4,0,57,1
8859,19,7,0,121,0
8860,102,3,0,68,1
8861,37,6,0,56,1
8862,6,10,0,312,0
8863,7,9,0,184,0
8864,3,30,8,9847,0
8865,14,5,0,131,0
8866,999,0,0,0,1
8867,14,1,0,4,0
8868,2,18,7,5492,0
8869,1,6,0,125,0
8870,3,14,0,370,0
8871,21,15,11,7545,0
8872,1,1,0,7,0
8873,53,3,0,44,1
8874,19,3,0,24,0
8875,34,11,0,235,1
8876,15,6,0,79,0
8877,3,11,1,403,0
8878,90,1,0,19,1
8879,1,28,7,9234,0
8880,64,5,0,146,1
8881,5,15,0,521,0
8882,2,16,0,392,0
8883,2,3,0,85,0
8884,13,2,0,29,0
8885,52,3,0,24,1
8886,55,5,0,111,1
8887,32,16,9,7240,1
8888,35,2,0,10,1
8889,33,3,1,48,1
8890,8,3,0,29,0
8891,77,2,0,44,1
8892,999,0,0,0,1
8893,7,4,0,77,0
8894,6,23,6,5412,0
8895,5,6,0,119,0
8896,6,6,0,139,0
8897,9,8,0,156,0
8898,9,4,0,91,0
8899,18,2,0,18,0
8900,19,6,0,106,0
8901,7,21,8,6662,0
8902,14,6,0,122,0
8903,59,7,0,149,1
8904,999,0,0,0,1
8905,15,9,0,309,0
8906,999,0,0,0,1
8907,135,2,0,37,1
8908,1,4,0,47,0
8909,19,5,0,96,0
8910,2,7,0,128,0
8911,16,6,0,132,0
8912,28,1,0,24,0
8913,177,2,0,28,1
8914,109,5,0,133,1
8915,112,1,0,24,1
8916,57,9,0,327,1
8917,67,3,0,26,1
8918,8,4,0,89,0
8919,2,12,0,214,0
8920,99,2,0,33,1
8921,25,3,0,42,0
8922,53,2,0,48,1
8923,12,5,0,157,0
8924,23,5,0,73,0
8925,3,18,3,2493,0
8926,15,12,8,4587,0
8927,53,4,0,63,1
8928,5,7,0,125,0
8929,7,8,0,260,0
8930,8,5,0,39,0
8931,20,22,10,10223,0
8932,4,8,0,314,0
8933,56,7,0,168,1
8934,71,3,0,46,1
8935,48,3,0,47,1
8936,84,3,0,35,1
8937,42,2,0,14,1
8938,9,2,0,21,0
8939,999,0,0,0,1
8940,999,0,0,0,1
8941,10,20,8,7562,0
8942,999,0,0,0,1
8943,2,12,0,393,0
8944,10,11,0,322,0
8945,5,3,0,26,0
8946,69,1,0,14,1
8947,12,2,0,25,0
8948,31,2,0,19,1
8949,5,7,0,111,0
8950,22,2,0,14,0
8951,10,7,0,129,0
8952,44,1,0,16,1
8953,17,5,0,114,0
8954,4,12,0,371,0
8955,1,20,7,6277,0
8956,38,6,0,105,1
8957,44,6,0,120,1
8958,12,3,0,43,0
8959,4,26,7,7475,0
8960,140,1,0,24,1
8961,99,6,0,89,1
8962,10,4,0,135,0
8963,5,17,8,6508,0
8964,7,16,7,4727,0
8965,58,6,1,231,1
8966,3,5,0,81,0
8967,33,4,0,47,1
8968,79,7,0,126,1
8969,5,5,0,104,0
8970,7,8,0,121,0
8971,61,6,0,117,1
8972,138,1,0,6,1
8973,54,5,0,127,1
8974,9,25,5,4575,0
8975,4,24,9,10222,0
8976,12,2,0,37,0
8977,5,21,7,5682,0
8978,7,4,0,46,0
8979,4,8,0,135,0
8980,2,4,0,51,0
8981,1,17,0,474,0
8982,2,6,0,186,0
8983,4,8,0,137,0
8984,4,9,0,250,0
8985,77,1,0,24,1
8986,999,0,0,0,1
8987,999,0,0,0,1
8988,11,15,0,414,0
8989,20,1,0,19,0
8990,999,0,0,0,1
8991,4,3,0,31,0
8992,2,14,0,530,0
8993,15,5,0,95,0
8994,7,7,0,149,0
8995,3,7,0,138,0
8996,999,0,0,0,1
8997,25,11,0,227,0
8998,275,1,0,11,1
8999,36,15,7,4705,1
9000,26,6,0,89,0
9001,47,1,0,20,1
9002,102,4,0,68,1
9003,45,7,0,117,1
9004,3,7,0,150,0
9005,5,9,0,262,0
9006,13,9,0,185,0
9007,50,6,0,117,1
9008,34,12,1,332,1
9009,10,11,1,304,0
9010,4,11,0,383,0
9011,111,2,0,19,1
9012,101,1,0,10,1
9013,16,8,0,244,0
9014,1,8,0,167,0
9015,4,14,3,1341,0
9016,9,3,0,26,0
9017,3,9,0,180,0
9018,999,0,0,0,1
9019,4,8,0,135,0
9020,46,4,0,93,1
9021,14,25,13,12514,0
9022,2,6,0,92,0
9023,154,2,0,22,1
9024,25,3,0,61,0
9025,31,2,0,11,1
9026,999,0,0,0,1
9027,39,2,0,13,1
9028,3,28,9,10259,0
9029,59,1,0,9,1
9030,30,4,0,92,0
9031,9,3,0,41,0
9032,1,4,0,47,0
9033,8,20,4,3454,0
9034,54,5,0,65,1
9035,20,15,5,3543,0
9036,3,4,0,75,0
9037,3,7,0,115,0
9038,11,4,0,37,0
9039,22,10,1,228,0
9040,12,5,0,71,0
9041,18,5,0,92,0
9042,204,1,0,9,1
9043,14,8,0,143,0
9044,54,3,0,73,1
9045,62,4,0,107,1
9046,2,27,6,7800,0
9047,15,6,0,80,0
9048,33,4,0,114,1
9049,37,3,0,48,1
9050,30,4,0,46,0
9051,11,9,1,211,0
9052,54,6,0,105,1
9053,2,27,7,8743,0
9054,36,8,1,238,1
9055,34,3,0,62,1
9056,26,6,0,139,0
9057,35,2,0,29,1
9058,9,7,0,165,0
9059,3,2,0,21,0
9060,9,6,0,116,0
9061,3,13,0,442,0
9062,33,5,0,138,1
9063,11,5,0,135,0
9064,20,16,7,4949,0
9065,95,1,0,6,1
9066,33,1,0,9,1
9067,4,6,0,128,0
9068,49,6,0,123,1
9069,18,2,0,31,0
9070,30,2,0,48,0
9071,15,9,0,119,0
9072,20,5,0,153,0
9073,4,12,2,745,0
9074,43,3,0,49,1
9075,3,10,0,307,0
9076,46,3,0,52,1
9077,253,1,0,7,1
9078,999,0,0,0,1
9079,18,3,0,45,0
9080,1,20,3,2706,0
9081,30,1,0,24,0
9082,6,10,0,328,0
9083,28,1,0,5,0
9084,18,16,3,1998,0
9085,21,2,0,21,0
9086,98,4,0,61,1
9087,22,5,0,37,0
9088,71,1,0,24,1
9089,54,2,0,29,1
9090,102,1,0,8,1
9091,67,1,0,9,1
9092,11,4,0,45,0
9093,53,8,1,221,1
9094,9,3,0,54,0
9095,3,4,0,69,0
9096,13,2,0,25,0
9097,1,11,0,204,0
9098,54,10,0,325,1
9099,10,7,0,87,0
9100,29,5,0,68,0
9101,4,25,6,7364,0
9102,17,15,8,5921,0
9103,28,6,0,107,0
9104,30,4,0,61,0
9105,33,10,0,175,1
9106,14,21,9,9035,0
9107,24,2,0,46,0
9108,3,11,1,408,0
9109,18,11,0,329,0
9110,41,8,0,248,1
9111,62,9,0,305,1
9112,251,1,0,11,1
9113,65,4,0,89,1
9114,41,10,0,316,1
9115,15,4,0,31,0
9116,50,2,0,29,1
9117,20,1,0,7,0
9118,38,2,0,19,1
9119,160,4,0,127,1
9120,55,3,0,44,1
9121,201,3,0,40,1
9122,17,28,5,6402,0
9123,18,8,1,298,0
9124,4,4,0,44,0
9125,1,3,0,52,0
9126,79,7,0,142,1
9127,3,17,3,1411,0
9128,1,5,0,82,0
9129,28,1,0,5,0
9130,232,2,0,74,1
9131,3,9,0,284,0
9132,49,2,0,28,1
9133,999,0,0,0,1
9134,93,1,0,9,1
9135,29,3,0,22,0
9136,10,4,0,78,0
9137,19,1,0,18,0
9138,12,12,0,308,0
9139,20,8,0,115,0
9140,57,4,1,56,1
9141,12,24,7,6565,0
9142,3,5,0,139,0
9143,10,13,0,440,0
9144,51,3,0,21,1
9145,53,3,0,41,1
9146,58,5,0,105,1
9147,4,7,0,173,0
9148,3,1,0,24,0
9149,20,3,0,48,0
9150,18,7,0,150,0
9151,6,9,0,227,0
9152,37,3,0,58,1
9153,19,4,0,124,0
9154,6,7,0,161,0
9155,2,4,0,54,0
9156,24,17,1,471,0
9157,46,6,0,125,1
9158,2,3,0,26,0
9159,47,2,0,17,1
9160,59,2,0,25,1
9161,40,8,0,173,1
9162,2,15,1,469,0
9163,9,6,0,126,0
9164,7,7,0,140,0
9165,43,1,0,6,1
9166,8,9,0,167,0
9167,14,2,0,26,0
9168,74,3,0,70,1
9169,87,1,0,8,1
9170,33,6,0,259,1
9171,25,1,0,19,0
9172,28,3,0,41,0
9173,90,1,0,7,1
9174,77,2,0,32,1
9175,10,3,0,50,0
9176,189,1,0,6,1
9177,999,0,0,0,1
9178,3,9,1,227,0
9179,56,2,0,37,1
9180,999,0,0,0,1
9181,9,24,5,5536,0
9182,6,4,0,103,0
9183,2,21,6,5612,0
9184,7,5,0,106,0
9185,24,3,0,26,0
9186,38,2,0,35,1
9187,5,26,9,9122,0
9188,4,4,0,79,0
9189,2,10,0,339,0
9190,4,9,0,257,0
9191,58,4,0,116,1
9192,4,7,0,167,0
9193,6,22,6,5978,0
9194,16,6,0,173,0
9195,15,9,0,266,0
9196,35,6,0,101,1
9197,2,11,0,210,0
9198,10,7,1,164,0
9199,5,5,0,89,0
9200,999,0,0,0,1
9201,12,3,0,26,0
9202,9,17,9,6748,0
9203,3,12,0,390,0
9204,56,5,0,105,1
9205,2,7,0,108,0
9206,128,3,0,48,1
9207,19,2,0,19,0
9208,57,2,0,17,1
9209,183,1,0,3,1
9210,13,4,0,68,0
9211,2,2,0,30,0
9212,8,3,0,68,0
9213,4,9,0,128,0
9214,34,4,0,73,1
9215,208,2,0,9,1
9216,73,1,0,18,1
9217,15,6,0,49,0
9218,21,3,0,84,0
9219,999,0,0,0,1
9220,102,3,0,37,1
9221,16,12,0,263,0
9222,257,1,0,9,1
9223,13,6,0,157,0
9224,6,1,0,4,0
9225,25,9,0,164,0
9226,13,14,2,1045,0
9227,3,3,0,43,0
9228,65,2,0,20,1
9229,999,0,0,0,1
9230,3,2,0,14,0
9231,12,9,0,181,0
9232,2,14,5,3513,0
9233,3,21,3,1508,0
9234,14,6,3,488,0
9235,18,6,0,167,0
9236,36,5,0,92,1
9237,7,18,5,3796,0
9238,26,5,0,104,0
9239,19,7,0,180,0
9240,47,3,0,29,1
9241,6,6,0,73,0
9242,32,4,0,66,1
9243,29,6,0,191,0
9244,19,23,8,8144,0
9245,49,4,0,27,1
9246,1,1,0,13,0
9247,4,1,0,10,0
9248,86,2,0,55,1
9249,90,2,0,41,1
9250,13,4,0,76,0
9251,56,2,0,36,1
9252,199,1,0,7,1
9253,164,1,0,11,1
9254,59,2,0,42,1
9255,999,0,0,0,1
9256,13,2,0,24,0
9257,17,1,0,9,0
9258,5,4,0,33,0
9259,9,11,0,296,0
9260,16,2,0,15,0
9261,6,3,0,27,0
9262,2,5,0,107,0
9263,163,2,0,50,1
9264,8,3,0,46,0
9265,999,0,0,0,1
9266,61,2,0,16,1
9267,2,4,0,26,0
9268,16,9,0,283,0
9269,999,0,0,0,1
9270,42,3,0,22,1
9271,2,8,1,261,0
9272,3,2,0,20,0
9273,21,9,0,185,0
9274,3,6,0,113,0
9275,1,22,5,5116,0
9276,1,15,1,356,0
9277,38,9,0,312,1
9278,1,2,0,13,0
9279,35,6,0,156,1
9280,54,1,0,14,1
9281,5,17,0,500,0
9282,54,3,0,80,1
9283,1,13,1,323,0
9284,5,7,0,139,0
9285,49,13,3,1781,1
9286,16,21,9,7991,0
9287,230,1,0,13,1
9288,55,5,0,93,1
9289,8,8,0,142,0
9290,55,1,0,11,1
9291,23,7,0,95,0
9292,10,11,0,277,0
9293,3,24,5,5632,0
9294,3,5,0,79,0
9295,24,2,0,23,0
9296,8,20,5,4750,0
9297,69,1,0,4,1
9298,43,4,0,79,1
9299,1,4,1,78,0
9300,14,7,0,293,0
9301,27,4,0,65,0
9302,27,2,0,9,0
9303,3,8,0,126,0
9304,59,9,0,297,1
9305,11,5,0,117,0
9306,35,2,0,44,1
9307,61,1,0,19,1
9308,12,2,0,54,0
9309,4,8,0,283,0
9310,2,28,13,18229,0
9311,82,2,0,16,1
9312,1,7,0,160,0
9313,5,7,0,119,0
9314,4,26,6,7165,0
9315,18,7,0,135,0
9316,6,6,0,114,0
9317,65,5,0,88,1
9318,21,1,0,13,0
9319,1,8,0,189,0
9320,1,2,0,26,0
9321,999,0,0,0,1
9322,114,3,0,45,1
9323,74,1,0,6,1
9324,8,19,9,7766,0
9325,27,1,0,9,0
9326,13,11,0,393,0
9327,6,9,2,542,0
9328,62,4,0,35,1
9329,36,7,0,194,1
9330,199,2,0,38,1
9331,24,6,0,118,0
9332,999,0,0,0,1
9333,142,1,0,12,1
9334,43,12,0,314,1
9335,4,4,0,74,0
9336,13,5,0,124,0
9337,5,12,0,381,0
9338,153,2,0,12,1
9339,999,0,0,0,1
9340,999,0,0,0,1
9341,4,2,0,30,0
9342,73,2,0,30,1
9343,34,1,0,7,1
9344,14,11,0,333,0
9345,2,12,0,327,0
9346,17,9,0,268,0
9347,79,3,0,24,1
9348,2,9,0,238,0
9349,13,6,0,83,0
9350,5,9,1,252,0
9351,999,0,0,0,1
9352,26,2,0,15,0
9353,23,13,1,437,0
9354,13,19,5,4125,0
9355,999,0,0,0,1
9356,36,7,0,108,1
9357,43,7,0,154,1
9358,13,10,0,172,0
9359,122,3,0,33,1
9360,5,6,0,93,0
9361,3,1,0,11,0
9362,32,9,0,326,1
9363,69,2,0,32,1
9364,18,1,0,7,0
9365,100,1,0,8,1
9366,3,20,16,15074,0
9367,5,10,2,729,0
9368,9,24,8,8552,0
9369,23,7,0,104,0
9370,248,1,0,10,1
9371,37,3,0,79,1
9372,38,3,0,32,1
9373,33,7,0,134,1
9374,14,4,0,44,0
9375,9,3,0,36,0
9376,5,5,0,80,0
9377,30,1,0,16,0
9378,153,1,0,13,1
9379,25,7,0,80,0
9380,33,2,0,30,1
9381,114,1,0,3,1
9382,20,9,0,169,0
9383,17,3,0,43,0
9384,2,19,3,1781,0
9385,6,23,3,3137,0
9386,112,1,0,14,1
9387,10,6,0,67,0
9388,41,6,0,133,1
9389,19,5,0,91,0
9390,36,10,0,272,1
9391,22,8,1,152,0
9392,48,4,0,60,1
9393,13,3,0,34,0
9394,155,3,0,38,1
9395,29,2,0,9,0
9396,1,9,0,283,0
9397,7,4,0,59,0
9398,22,6,0,131,0
9399,106,2,0,30,1
9400,999,0,0,0,1
9401,28,4,0,50,0
9402,3,23,5,4815,0
9403,5,22,8,7057,0
9404,33,10,1,398,1
9405,9,10,0,217,0
9406,40,2,0,48,1
9407,24,7,0,235,0
9408,3,11,0,242,0
9409,10,4,0,56,0
9410,317,2,0,22,1
9411,10,2,0,53,0
9412,19,8,0,180,0
9413,10,8,0,204,0
9414,16,18,1,825,0
9415,16,7,1,206,0
9416,10,3,0,50,0
9417,10,11,0,288,0
9418,12,8,0,159,0
9419,31,4,0,61,1
9420,999,0,0,0,1
9421,54,7,0,128,1
9422,54,1,0,10,1
9423,23,1,0,21,0
9424,999,0,0,0,1
9425,97,6,0,109,1
9426,6,17,6,4380,0
9427,999,0,0,0,1
9428,64,3,0,66,1
9429,9,2,0,58,0
9430,35,3,0,41,1
9431,37,3,0,36,1
9432,3,7,0,94,0
9433,39,8,0,144,1
9434,7,8,1,221,0
9435,40,6,0,69,1
9436,7,6,0,93,0
9437,15,15,1,554,0
9438,4,14,0,368,0
9439,3,9,1,143,0
9440,8,1,0,13,0
9441,16,6,0,128,0
9442,39,6,0,111,1
9443,2,27,5,6322,0
9444,113,1,0,4,1
9445,42,2,0,29,1
9446,4,4,0,86,0
9447,45,2,0,23,1
9448,21,5,0,73,0
9449,61,2,0,21,1
9450,34,2,0,24,1
9451,5,8,0,158,0
9452,999,0,0,0,1
9453,21,8,0,206,0
9454,55,2,0,12,1
9455,3,20,10,8815,0
9456,37,6,1,201,1
9457,8,2,0,21,0
9458,3,20,7,5766,0
9459,99,1,0,26,1
9460,43,3,0,50,1
9461,2,29,6,7342,0
9462,3,17,0,460,0
9463,999,0,0,0,1
9464,3,5,0,94,0
9465,124,2,0,22,1
9466,2,24,10,10505,0
9467,13,2,0,18,0
9468,22,6,0,95,0
9469,36,3,0,68,1
9470,9,12,1,345,0
9471,27,4,0,74,0
9472,11,13,1,394,0
9473,2,11,0,360,0
9474,2,33,12,16420,0
9475,23,1,0,6,0
9476,11,5,0,52,0
9477,18,3,0,55,0
9478,67,7,0,152,1
9479,32,1,0,10,1
9480,1,10,0,281,0
9481,22,3,0,36,0
9482,11,13,2,1094,0
9483,8,1,0,6,0
9484,11,4,0,82,0
9485,4,5,0,113,0
9486,1,20,7,4731,0
9487,999,0,0,0,1
9488,196,1,0,5,1
9489,23,12,0,354,0
9490,49,7,0,232,1
9491,8,19,5,4922,0
9492,12,4,0,31,0
9493,15,3,0,31,0
9494,4,18,4,3154,0
9495,80,2,0,45,1
9496,17,11,1,365,0
9497,152,1,0,5,1
9498,24,10,1,262,0
9499,2,9,0,191,0
9500,4,11,2,569,0
9501,12,2,0,27,0
9502,12,11,0,225,0
9503,61,2,0,19,1
9504,5,5,0,89,0
9505,4,11,0,230,0
9506,24,2,0,24,0
9507,120,1,0,8,1
9508,2,1,0,4,0
9509,28,5,0,55,0
9510,33,2,0,29,1
9511,210,3,0,31,1
9512,234,2,0,14,1
9513,26,6,0,186,0
9514,270,1,0,16,1
9515,41,1,0,9,1
9516,27,1,0,7,0
9517,2,3,0,33,0
9518,25,1,0,9,0
9519,6,6,0,129,0
9520,17,1,0,12,0
9521,1,5,0,67,0
9522,91,1,0,8,1
9523,3,14,0,446,0
9524,999,0,0,0,1
9525,32,5,0,96,1
9526,12,10,0,302,0
9527,11,5,0,85,0
9528,2,25,10,11177,0
9529,92,2,0,27,1
9530,7,4,0,44,0
9531,19,5,0,110,0
9532,15,11,0,352,0
9533,999,0,0,0,1
9534,16,4,0,94,0
9535,20,2,0,16,0
9536,5,3,0,35,0
9537,5,5,0,42,0
9538,119,1,0,15,1
9539,5,5,0,116,0
9540,25,7,0,122,0
9541,29,5,0,104,0
9542,2,21,5,4348,0
9543,13,6,0,118,0
9544,11,19,8,7358,0
9545,11,4,0,56,0
9546,17,5,0,102,0
9547,36,5,0,117,1
9548,299,1,0,8,1
9549,999,0,0,0,1
9550,4,6,0,78,0
9551,999,0,0,0,1
9552,137,3,0,39,1
9553,1,7,0,176,0
9554,26,9,0,342,0
9555,34,4,0,61,1
9556,4,9,0,240,0
9557,29,6,0,125,0
9558,150,1,0,12,1
9559,6,19,5,5306,0
9560,33,1,0,14,1
9561,11,13,1,408,0
9562,61,2,0,48,1
9563,17,7,0,96,0
9564,12,3,0,32,0
9565,19,6,0,81,0
9566,36,4,0,52,1
9567,79,5,0,105,1
9568,51,6,0,150,1
9569,4,2,0,25,0
9570,56,6,0,134,1
9571,16,4,0,62,0
9572,9,6,0,96,0
9573,10,3,0,46,0
9574,17,2,0,16,0
9575,75,2,0,26,1
9576,21,13,0,381,0
9577,36,9,1,263,1
9578,6,12,7,4184,0
9579,3,2,0,14,0
9580,105,4,0,56,1
9581,219,1,0,6,1
9582,999,0,0,0,1
9583,6,11,1,258,0
9584,3,1,0,9,0
9585,1,31,16,20409,0
9586,7,12,0,211,0
9587,170,1,0,15,1
9588,47,8,0,324,1
9589,21,16,13,9877,0
9590,2,12,0,390,0
9591,73,2,0,22,1
9592,32,1,0,14,1
9593,999,0,0,0,1
9594,198,1,0,15,1
9595,25,10,0,240,0
9596,51,1,0,10,1
9597,3,14,1,383,0
9598,5,7,0,177,0
9599,7,3,0,40,0
9600,2,8,0,218,0
9601,26,4,0,73,0
9602,28,11,1,284,0
9603,2,4,0,43,0
9604,2,11,1,249,0
9605,63,1,0,5,1
9606,13,7,0,97,0
9607,6,23,7,7123,0
9608,13,2,0,22,0
9609,26,7,0,97,0
9610,6,11,2,629,0
9611,106,5,0,95,1
9612,22,1,0,7,0
9613,8,5,0,69,0
9614,3,10,0,337,0
9615,48,8,1,207,1
9616,17,23,9,9594,0
9617,2,10,2,524,0
9618,174,1,0,12,1
9619,7,1,0,39,0
9620,35,2,0,20,1
9621,67,1,0,23,1
9622,25,1,0,13,0
9623,7,7,1,160,0
9624,17,4,0,82,0
9625,1,25,9,8915,0
9626,2,8,0,137,0
9627,27,1,0,13,0
9628,999,0,0,0,1
9629,20,1,0,4,0
9630,999,0,0,0,1
9631,2,14,1,369,0
9632,43,18,4,3593,1
9633,45,7,0,214,1
9634,999,0,0,0,1
9635,250,1,0,24,1
9636,7,15,1,451,0
9637,12,5,0,123,0
9638,82,1,0,10,1
9639,17,1,0,9,0
9640,2,1,0,6,0
9641,2,7,0,160,0
9642,2,4,0,82,0
9643,24,11,0,236,0
9644,3,12,1,328,0
9645,3,12,1,375,0
9646,4,10,1,369,0
9647,102,6,0,66,1
9648,999,0,0,0,1
9649,8,4,0,33,0
9650,1,30,10,12619,0
9651,28,1,0,5,0
9652,48,3,0,45,1
9653,25,3,0,34,0
9654,7,7,0,130,0
9655,5,3,0,16,0
9656,77,1,0,7,1
9657,2,3,0,45,0
9658,32,7,0,142,1
9659,1,23,8,6778,0
9660,9,4,0,39,0
9661,110,4,0,52,1
9662,39,8,0,246,1
9663,3,12,1,305,0
9664,73,1,0,14,1
9665,4,3,0,25,0
9666,45,5,0,93,1
9667,2,32,10,13149,0
9668,1,23,10,10378,0
9669,23,8,1,242,0
9670,27,7,0,227,0
9671,74,2,0,29,1
9672,89,1,0,24,1
9673,22,1,0,7,0
9674,3,6,0,128,0
9675,24,22,9,7580,0
9676,2,15,6,3658,0
9677,44,5,0,94,1
9678,14,6,0,148,0
9679,20,5,1,83,0
9680,18,6,0,111,0
9681,9,9,0,268,0
9682,6,4,0,41,0
9683,2,14,1,369,0
9684,3,10,0,189,0
9685,50,2,0,29,1
9686,56,6,0,173,1
9687,44,6,0,133,1
9688,10,5,0,78,0
9689,5,1,0,7,0
9690,4,16,5,3155,0
9691,9,9,0,173,0
9692,31,2,0,30,1
9693,25,2,0,56,0
9694,999,0,0,0,1
9695,13,12,0,402,0
9696,258,1,0,8,1
9697,2,6,0,85,0
9698,23,1,0,19,0
9699,7,17,7,5098,0
9700,12,10,2,488,0
9701,3,13,0,378,0
9702,12,4,0,144,0
9703,4,5,0,93,0
9704,27,11,0,325,0
9705,27,7,0,189,0
9706,999,0,0,0,1
9707,28,6,0,97,0
9708,999,0,0,0,1
9709,21,8,0,149,0
9710,5,3,0,28,0
9711,10,3,0,31,0
9712,18,7,0,147,0
9713,18,2,0,30,0
9714,21,14,0,441,0
9715,37,1,0,6,1
9716,58,3,0,68,1
9717,8,3,0,62,0
9718,5,13,1,322,0
9719,4,2,0,27,0
9720,8,6,0,91,0
9721,2,5,0,53,0
9722,7,11,1,243,0
9723,168,3,0,22,1
9724,3,2,0,21,0
9725,18,7,0,100,0
9726,10,5,0,132,0
9727,93,4,0,177,1
9728,4,22,9,11219,0
9729,17,14,0,467,0
9730,28,2,0,11,0
9731,31,4,0,65,1
9732,27,5,0,93,0
9733,58,3,0,41,1
9734,2,6,0,62,0
9735,69,1,0,11,1
9736,999,0,0,0,1
9737,36,2,0,24,1
9738,9,5,0,107,0
9739,213,1,0,20,1
9740,41,5,0,112,1
9741,15,7,0,81,0
9742,40,3,0,55,1
9743,4,7,0,138,0
9744,2,2,0,46,0
9745,999,0,0,0,1
9746,18,11,2,659,0
9747,999,0,0,0,1
9748,44,2,0,22,1
9749,41,6,0,114,1
9750,10,5,0,94,0
9751,65,2,0,16,1
9752,49,3,0,22,1
9753,7,6,0,121,0
9754,289,1,0,16,1
9755,56,2,0,30,1
9756,15,3,0,75,0
9757,35,4,0,87,1
9758,24,5,0,92,0
9759,31,6,0,112,1
9760,999,0,0,0,1
9761,44,3,0,24,1
9762,46,1,0,7,1
9763,7,5,0,147,0
9764,5,1,0,10,0
9765,13,12,2,792,0
9766,11,9,0,111,0
9767,25,4,0,102,0
9768,45,5,0,91,1
9769,999,0,0,0,1
9770,165,2,0,36,1
9771,2,6,0,63,0
9772,138,2,0,35,1
9773,5,25,4,4672,0
9774,2,2,0,34,0
9775,34,19,6,5232,1
9776,2,8,0,136,0
9777,6,14,0,344,0
9778,33,12,0,422,1
9779,999,0,0,0,1
9780,4,9,0,211,0
9781,28,1,0,6,0
9782,26,2,0,24,0
9783,5,1,0,10,0
9784,999,0,0,0,1
9785,5,13,2,594,0
9786,76,2,0,33,1
9787,77,2,0,11,1
9788,19,10,0,173,0
9789,6,10,0,122,0
9790,1,22,10,12064,0
9791,11,2,0,25,0
9792,12,13,1,318,0
9793,1,1,0,8,0
9794,44,6,0,207,1
9795,21,5,0,98,0
9796,18,7,0,156,0
9797,6,11,0,266,0
9798,55,2,0,68,1
9799,221,2,0,14,1
9800,16,1,0,7,0
9801,40,4,0,86,1
9802,125,4,0,84,1
9803,15,7,0,154,0
9804,999,0,0,0,1
9805,27,4,0,54,0
9806,37,8,1,183,1
9807,6,9,0,243,0
9808,12,3,0,50,0
9809,30,5,0,51,0
9810,4,3,0,46,0
9811,84,1,0,7,1
9812,5,2,0,26,0
9813,13,10,0,257,0
9814,39,3,0,38,1
9815,4,18,5,3064,0
9816,18,3,0,35,0
9817,12,13,0,406,0
9818,2,7,0,117,0
9819,3,31,15,21258,0
9820,123,2,0,28,1
9821,13,4,0,124,0
9822,3,11,1,372,0
9823,43,1,0,14,1
9824,66,7,0,84,1
9825,54,7,0,142,1
9826,35,3,0,39,1
9827,13,2,0,32,0
9828,5,1,0,6,0
9829,27,9,1,255,0
9830,9,4,0,28,0
9831,18,8,0,282,0
9832,9,5,0,64,0
9833,30,4,0,124,0
9834,3,22,9,8564,0
9835,19,5,0,77,0
9836,10,10,0,235,0
9837,37,3,0,38,1
9838,35,8,0,304,1
9839,2,8,0,263,0
9840,2,17,8,6152,0
9841,21,5,0,161,0
9842,999,0,0,0,1
9843,32,15,1,445,1
9844,2,10,1,305,0
9845,28,8,0,309,0
9846,999,0,0,0,1
9847,40,4,0,73,1
9848,12,9,0,218,0
9849,999,0,0,0,1
9850,125,2,0,23,1
9851,71,2,0,12,1
9852,13,4,0,96,0
9853,55,6,0,168,1
9854,118,4,0,89,1
9855,62,2,0,34,1
9856,22,3,0,48,0
9857,5,14,0,442,0
9858,1,1,0,7,0
9859,5,4,0,38,0
9860,47,4,0,58,1
9861,12,7,0,116,0
9862,3,21,8,6913,0
9863,4,10,1,298,0
9864,5,4,0,66,0
9865,38,5,0,100,1
9866,5,3,0,48,0
9867,39,2,0,35,1
9868,86,4,1,88,1
9869,5,21,10,8406,0
9870,161,4,0,74,1
9871,194,1,0,16,1
9872,13,4,0,76,0
9873,8,16,8,5067,0
9874,28,2,0,37,0
9875,3,10,0,159,0
9876,15,5,0,80,0
9877,35,7,0,204,1
9878,31,6,0,149,1
9879,5,8,0,177,0
9880,3,24,6,6235,0
9881,5,6,0,161,0
9882,9,19,7,5976,0
9883,7,13,0,415,0
9884,22,11,1,288,0
9885,10,3,0,26,0
9886,88,1,0,17,1
9887,6,6,0,100,0
9888,17,10,0,338,0
9889,5,3,0,58,0
9890,3,13,0,395,0
9891,9,14,0,413,0
9892,4,28,14,21919,0
9893,28,3,0,34,0
9894,13,4,0,42,0
9895,1,4,0,46,0
9896,170,2,0,13,1
9897,3,16,1,457,0
9898,4,5,0,65,0
9899,34,7,0,212,1
9900,2,28,11,14144,0
9901,17,3,0,44,0
9902,34,5,0,91,1
9903,8,5,0,106,0
9904,12,4,0,73,0
9905,8,19,6,4259,0
9906,82,4,0,60,1
9907,22,6,0,74,0
9908,8,7,0,115,0
9909,15,5,0,41,0
9910,48,18,13,11367,1
9911,6,19,8,6114,0
9912,10,6,0,144,0
9913,21,2,0,51,0
9914,61,4,0,78,1
9915,1,11,0,285,0
9916,999,0,0,0,1
9917,999,0,0,0,1
9918,89,1,0,20,1
9919,2,1,0,5,0
9920,62,4,0,55,1
9921,18,8,0,182,0
9922,29,9,0,295,0
9923,6,2,0,20,0
9924,999,0,0,0,1
9925,212,2,0,30,1
9926,26,14,0,436,0
9927,60,4,0,28,1
9928,44,7,0,138,1
9929,27,2,0,13,0
9930,76,5,0,99,1
9931,32,4,0,99,1
9932,2,26,7,6881,0
9933,104,2,0,16,1
9934,16,1,0,24,0
9935,6,19,8,6975,0
9936,2,8,1,254,0
9937,150,1,0,5,1
9938,10,7,0,160,0
9939,21,5,0,100,0
9940,2,3,0,96,0
9941,76,7,0,237,1
9942,64,2,0,20,1
9943,5,17,1,548,0
9944,297,2,0,16,1
9945,33,2,0,30,1
9946,79,2,0,14,1
9947,7,11,1,378,0
9948,14,13,1,321,0
9949,2,3,0,26,0
9950,4,8,0,224,0
9951,166,1,0,17,1
9952,34,1,0,4,1
9953,1,7,0,133,0
9954,999,0,0,0,1
9955,1,8,0,121,0
9956,2,20,0,504,0
9957,19,6,0,93,0
9958,999,0,0,0,1
9959,9,4,0,64,0
9960,4,12,0,362,0
9961,2,6,0,113,0
9962,30,6,2,394,0
9963,62,2,0,27,1
9964,23,13,0,399,0
9965,3,22,6,5437,0
9966,999,0,0,0,1
9967,51,6,0,127,1
9968,5,3,0,68,0
9969,90,7,0,222,1
9970,13,15,2,1401,0
9971,38,4,0,32,1
9972,15,3,0,52,0
9973,26,3,0,42,0
9974,2,3,0,59,0
9975,167,3,0,86,1
9976,64,4,0,46,1
9977,3,10,0,367,0
9978,283,1,0,15,1
9979,5,15,0,511,0
9980,9,2,0,25,0
9981,13,3,0,49,0
9982,3,15,5,3192,0
9983,21,3,0,72,0
9984,43,6,0,116,1
9985,37,3,0,42,1
9986,55,5,0,96,1
9987,27,9,0,240,0
9988,43,1,0,24,1
9989,29,1,0,10,0
9990,5,9,0,197,0
9991,30,6,0,228,0
9992,5,8,1,259,0
9993,261,1,0,27,1
9994,8,10,0,190,0
9995,119,2,0,23,1
9996,4,2,0,21,0
9997,127,1,0,13,1
9998,54,20,5,4002,1
9999,7,6,0,131,0
10000,35,7,0,149,1
